TipoInterrupcao,MotivoDescricao,GrupoCausa,CausaDetalhada,quantidade_interrupcoes,duracao_total_horas,duracao_media_horas,unidades_afetadas,consumidor_horas
NAO PROGRAMADA,Não houve expurgo,INTERNA,FALHA DE MATERIAL OU EQUIPAMENTO,13700888.0,100347865.29,6.69,614212391.0,1107775389.3
NAO PROGRAMADA,Não houve expurgo,INTERNA,ARVORE OU VEGETACAO,2686455.0,16898904.78,5.93,269452494.0,614419350.49
NAO PROGRAMADA,Não houve expurgo,INTERNA,NAO IDENTIFICADA,2011667.0,7609604.83,4.05,573968004.0,343525276.1
NAO PROGRAMADA,Não houve expurgo,INTERNA,DESCARGA ATMOSFERICA,1823198.0,15387236.98,6.76,95442496.0,238168171.51
NAO PROGRAMADA,Não houve expurgo,INTERNA,VENTO,1533151.0,9865913.79,5.98,142553751.0,263126744.72
NAO PROGRAMADA,Não houve expurgo,INTERNA,ANIMAIS,1518254.0,7500300.37,4.81,121445941.0,217001574.87
NAO PROGRAMADA,Situação de emergência,INTERNA,VENTO,1377187.0,16268456.16,10.0,234687034.0,898067484.83
NAO PROGRAMADA,Não houve expurgo,INTERNA,NAO CLASSIFICADA,1228203.0,6162097.23,4.94,130803435.0,126102336.49
NAO PROGRAMADA,Falha nas instalações da unidade consumidora sem afetar terceiros,INTERNA,DEFEITO INTERNO NAO AFETANDO OUTRAS UNIDADES CONSUMIDORAS,1051906.0,6963909.07,6.66,1209009.0,6714197.18
NAO PROGRAMADA,Situação de emergência,INTERNA,DESCARGA ATMOSFERICA,919588.0,10674997.6,9.9,84122955.0,299683785.5
NAO PROGRAMADA,Não houve expurgo,INTERNA,SOBRECARGA,917157.0,5555983.55,5.61,92031599.0,98575773.63
NAO PROGRAMADA,Ocorrência em dia crítico,INTERNA,FALHA DE MATERIAL OU EQUIPAMENTO,873772.0,10111788.86,10.66,69344679.0,156655387.09
NAO PROGRAMADA,Não houve expurgo,INTERNO,FALHA DE MATERIAL OU EQUIPAMENTO,817689.0,6931221.76,8.84,78299416.0,176484848.3
NAO PROGRAMADA,Não houve expurgo,INTERNA,CORROSAO,800841.0,3929363.62,5.47,14255426.0,28414024.55
NAO PROGRAMADA,Situação de emergência,INTERNA,ARVORE OU VEGETACAO,760496.0,8709115.14,9.97,117418414.0,540349162.45
NAO PROGRAMADA,Não houve expurgo,INTERNA,DESLIGAMENTO PARA MANUTENCAO EMERGENCIAL,710760.0,2184682.71,3.01,144958463.0,99474975.56
NAO PROGRAMADA,Falha nas instalações da unidade consumidora sem afetar terceiros,INTERNA,NAO CLASSIFICADA,553907.0,3792325.4,6.86,665515.0,4140470.52
PROGRAMADA,Não houve expurgo,INTERNA,PREVENTIVA,534790.0,1744921.88,3.36,62377239.0,131032334.31
PROGRAMADA,Não houve expurgo,INTERNA,PARA MELHORIA,526245.0,1881118.42,3.57,65421718.0,140499501.5
NAO PROGRAMADA,Não houve expurgo,INTERNA,OBJETO NA REDE,487816.0,2475080.35,4.81,69812444.0,112107303.72
PROGRAMADA,Não houve expurgo,INTERNA,PARA AMPLIACAO,480981.0,1570838.58,3.43,41930472.0,101090798.1
NAO PROGRAMADA,Não houve expurgo,INTERNA,INTERFERENCIA DE TERCEIROS,470918.0,3285977.99,6.91,26751186.0,59987536.63
NAO PROGRAMADA,Não houve expurgo,INTERNA,SERVICO MAL EXECUTADO,415616.0,2373497.18,6.02,14210745.0,13786192.86
NAO PROGRAMADA,Situação de emergência,INTERNA,FALHA DE MATERIAL OU EQUIPAMENTO,348607.0,4117743.58,11.3,32477052.0,117303647.77
NAO PROGRAMADA,Ocorrência em dia crítico,INTERNA,ARVORE OU VEGETACAO,345828.0,3405367.85,8.97,52061305.0,153510949.42
NAO PROGRAMADA,Não houve expurgo,INTERNA,ABALROAMENTO,300398.0,1776146.93,6.72,67849117.0,117267020.73
NAO PROGRAMADA,Não houve expurgo,INTERNA,PROPRIAS DO SISTEMA,298131.0,578549.79,3.13,93952107.0,19736994.43
NAO PROGRAMADA,Ocorrência em dia crítico,INTERNA,DESCARGA ATMOSFERICA,294013.0,3424665.33,9.72,22832796.0,66593890.99
NAO PROGRAMADA,Não houve expurgo,INTERNA,MEIO AMBIENTE,291923.0,1274342.25,5.79,20570950.0,25369778.64
NAO PROGRAMADA,Não houve expurgo,INTERNA,POLUICAO,274318.0,1186630.81,4.81,4589827.0,7293439.57
NAO PROGRAMADA,Ocorrência em dia crítico,INTERNA,VENTO,237629.0,2513390.69,9.11,40710683.0,99918498.53
NAO PROGRAMADA,Não houve expurgo,INTERNA,ROUBO,201783.0,1616462.91,10.67,7644508.0,18479914.83
NAO PROGRAMADA,Situação de emergência,INTERNA,NAO IDENTIFICADA,187289.0,1036580.86,6.3,55986344.0,61320619.58
NAO PROGRAMADA,Não houve expurgo,INTERNO,ARVORE OU VEGETACAO,186339.0,1796262.83,8.77,24695717.0,70490163.02
PROGRAMADA,Não houve expurgo,INTERNA,FALHA DE MATERIAL OU EQUIPAMENTO,181321.0,880886.44,5.13,17607549.0,15424645.4
PROGRAMADA,Não houve expurgo,INTERNA,CORRETIVA,178352.0,234109.9,2.39,61335390.0,20946608.71
NAO PROGRAMADA,Ocorrência em dia crítico,INTERNA,NAO IDENTIFICADA,169817.0,954443.14,5.86,47656489.0,52606121.13
NAO PROGRAMADA,Não houve expurgo,INTERNO,INTERFERENCIA DE TERCEIROS,157926.0,1130753.57,7.57,12655166.0,27258927.79
NAO PROGRAMADA,Não houve expurgo,INTERNA,QUEIMA OU INCENDIO,157704.0,1212908.84,8.19,10879884.0,18398856.14
NAO PROGRAMADA,Não houve expurgo,INTERNO,ANIMAIS,155336.0,1054214.76,6.65,15458944.0,42319794.26
NAO PROGRAMADA,Falha nas instalações da unidade consumidora sem afetar terceiros,INTERNO,DEFEITO INTERNO NAO AFETANDO OUTRAS UNIDADES CONSU,153249.0,1430069.63,10.01,153651.0,1439640.17
NAO PROGRAMADA,Falha nas instalações da unidade consumidora sem afetar terceiros,INTERNA,FALHA DE MATERIAL OU EQUIPAMENTO,151083.0,984868.72,6.94,225555.0,1720108.12
NAO PROGRAMADA,Situação de emergência,INTERNA,NAO CLASSIFICADA,149929.0,1339860.62,8.11,18386884.0,49013642.27
NAO PROGRAMADA,Não houve expurgo,INTERNA,ACIDENTE,143409.0,855939.29,5.93,12350818.0,26590802.66
NAO PROGRAMADA,Não houve expurgo,INTERNO,DESCARGA ATMOSFERICA,122328.0,1293891.37,9.22,13754212.0,51346163.7
NAO PROGRAMADA,Não houve expurgo,INTERNO,VENTO,120231.0,958711.57,7.42,12733662.0,43884313.39
PROGRAMADA,Não houve expurgo,INTERNA,NAO IDENTIFICADA,111612.0,235903.56,2.13,43566865.0,7000981.79
NAO PROGRAMADA,Não houve expurgo,INTERNA,FALHA MAT OU EQUIPA,104970.0,594268.94,5.7,5126622.0,7260236.6
NAO PROGRAMADA,Situação de emergência,INTERNA,MEIO AMBIENTE,95751.0,950452.1,6.37,17854547.0,62164217.03
NAO PROGRAMADA,Não houve expurgo,INTERNO,CORROSAO,92402.0,767979.35,8.87,2948411.0,8306040.89
NAO PROGRAMADA,Não houve expurgo,INTERNA,VANDALISMO,90703.0,481220.31,5.67,10979249.0,12947694.3
NAO PROGRAMADA,Não houve expurgo,INTERNO,QUEIMADA OU INCENDIO,89548.0,718671.2,9.57,4468801.0,10755330.87
NAO PROGRAMADA,Não houve expurgo,INTERNA,ERRO DE OPERACAO,82765.0,647273.28,7.13,12905498.0,7150907.92
NAO PROGRAMADA,Situação de emergência,INTERNO,DESCARGA ATMOSFERICA,78932.0,1191184.6,12.97,17477861.0,80814184.29
NAO PROGRAMADA,Ocorrência em dia crítico,INTERNA,NAO CLASSIFICADA,77418.0,608211.67,7.72,17017303.0,18909089.44
PROGRAMADA,Obra de interesse exclusivo do consumidor,INTERNA,DEFEITO INTERNO NAO AFETANDO OUTRAS UNIDADES CONSUMIDORAS,71308.0,308135.28,4.44,75411.0,326198.7
NAO PROGRAMADA,Situação de emergência,INTERNA,DESLIGAMENTO PARA MANUTENCAO EMERGENCIAL,70663.0,480091.47,5.37,15165116.0,21194559.22
NAO PROGRAMADA,Ocorrência em dia crítico,INTERNA,SOBRECARGA,63682.0,604794.41,9.29,7852046.0,13101778.51
NAO PROGRAMADA,Origem externa ao sistema de distribuição,EXTERNA,NAO CLASSIFICADA,63149.0,63567.73,1.07,116616070.0,81788125.5
NAO PROGRAMADA,Situação de emergência,INTERNO,ARVORE OU VEGETACAO,61198.0,985730.49,13.2,14170085.0,62805288.66
NAO PROGRAMADA,Não houve expurgo,INTERNO,NAO CLASSIFICADA,60663.0,393849.88,6.57,13999771.0,20728109.4
NAO PROGRAMADA,Ocorrência em dia crítico,INTERNA,ANIMAIS,60383.0,523498.9,8.27,7603585.0,16668291.43
NAO PROGRAMADA,Situação de emergência,INTERNA,INUNDACAO,59635.0,2475007.58,35.82,3831928.0,110471798.81
NAO PROGRAMADA,Não houve expurgo,INTERNO,NAO IDENTIFICADA,53029.0,294935.53,5.45,21152162.0,24666772.01
NAO PROGRAMADA,Situação de emergência,INTERNO,VENTO,49405.0,582010.45,11.22,14331642.0,54843140.0
NAO PROGRAMADA,Ocorrência em dia crítico,INTERNA,MEIO AMBIENTE,48305.0,397037.5,7.53,5929602.0,11467400.67
NAO PROGRAMADA,Não houve expurgo,INTERNA,DEFEITO CLIENTE AFETANDO OUTROS,45531.0,231290.64,5.06,7388917.0,8603397.28
NAO PROGRAMADA,Não houve expurgo,INTERNA,LIGACAO CLANDESTINA,44831.0,323518.58,7.18,1593199.0,5068689.4
PROGRAMADA,Não houve expurgo,INTERNO,AMPLIACAO,43387.0,181842.58,4.17,4423983.0,14582335.02
NAO PROGRAMADA,Ocorrência em dia crítico,INTERNO,FALHA DE MATERIAL OU EQUIPAMENTO,42680.0,502958.39,12.99,7409264.0,21759180.06
NAO PROGRAMADA,Não houve expurgo,INTERNO,SOBRECARGA,42187.0,307627.12,7.79,4438152.0,12238002.19
NAO PROGRAMADA,Não houve expurgo,INTERNO,PARA AMPLIACAO,41988.0,152124.68,4.39,2838166.0,4465315.0
NAO PROGRAMADA,Não houve expurgo,INTERNA,DEFEITO INTERNO NAO AFETANDO OUTRAS UNIDADES CONSUMIDORAS,39400.0,273179.71,4.84,190892.0,568485.04
NAO PROGRAMADA,Ocorrência em dia crítico,INTERNA,CORROSAO,38283.0,425419.14,10.84,1496209.0,3489786.25
NAO PROGRAMADA,Ocorrência em dia crítico,INTERNA,DESLIGAMENTO PARA MANUTENCAO EMERGENCIAL,37226.0,184951.8,4.74,10861595.0,9877074.66
NAO PROGRAMADA,Situação de emergência,INTERNA,PROPRIAS DO SISTEMA,35888.0,201392.85,4.18,13623770.0,10657492.67
NAO PROGRAMADA,Não houve expurgo,INTERNO,OBJETO NA REDE,35273.0,272795.76,7.23,6987940.0,14771466.53
NAO PROGRAMADA,Não houve expurgo,INTERNA,TERCEIROS,34489.0,160307.94,4.68,3529793.0,4385189.07
NAO PROGRAMADA,Não houve expurgo,INTERNO,SUBTENSAO,33405.0,316432.78,10.04,391164.0,973767.25
PROGRAMADA,Não houve expurgo,INTERNA,DESCARGA ATMOSFERICA,33145.0,162802.9,4.41,6303520.0,3800104.46
NAO PROGRAMADA,Ocorrência em dia crítico,INTERNA,OBJETO NA REDE,32134.0,268210.92,8.39,6125896.0,13467301.2
PROGRAMADA,Não houve expurgo,INTERNA,ARVORE OU VEGETACAO,30949.0,165132.54,4.64,2658268.0,3172168.55
NAO PROGRAMADA,Ocorrência em dia crítico,INTERNA,INTERFERENCIA DE TERCEIROS,29480.0,299075.09,10.54,2431519.0,5703991.57
NAO PROGRAMADA,Não houve expurgo,INTERNA,EMPRESAS DE SERVICOS PUBLICOS OU SUAS CONTRATADAS,27085.0,169364.82,5.88,1689327.0,2235841.66
NAO PROGRAMADA,Não houve expurgo,INTERNA,CORRETIVA,25903.0,68673.06,2.32,7081237.0,2839004.51
PROGRAMADA,Obra de interesse exclusivo do consumidor,INTERNA,PREVENTIVA,25735.0,141236.7,5.65,114444.0,378826.33
NAO PROGRAMADA,Ocorrência em dia crítico,INTERNO,DESCARGA ATMOSFERICA,25717.0,353581.46,12.69,3638453.0,17983822.99
NAO PROGRAMADA,Não houve expurgo,INTERNA,DESLIGAMENTO POR SEGURANCA,25647.0,66085.94,2.71,8506184.0,3535016.68
NAO PROGRAMADA,Não houve expurgo,INTERNA,SOBRETENSAO,25350.0,78656.88,3.91,7215737.0,3243714.1
NAO PROGRAMADA,Situação de emergência,INTERNA,OBJETO NA REDE,25320.0,201582.28,7.59,3263639.0,11275872.16
NAO PROGRAMADA,Não houve expurgo,INTERNO,CORRETIVA,24446.0,194662.87,7.95,3713279.0,6744462.53
NAO PROGRAMADA,Não houve expurgo,INTERNA,EROSAO,24364.0,216350.3,9.1,1731484.0,5004629.03
NAO PROGRAMADA,Não houve expurgo,INTERNA,PARA MELHORIA,24267.0,83966.85,3.25,7721218.0,6647223.68
PROGRAMADA,Não houve expurgo,INTERNO,PREVENTIVA,24262.0,107240.86,4.6,3064630.0,7225326.13
NAO PROGRAMADA,Situação de emergência,INTERNA,SOBRECARGA,21434.0,84478.25,2.13,7892144.0,2538324.34
NAO PROGRAMADA,Falha nas instalações da unidade consumidora sem afetar terceiros,INTERNA,FALHA MAT OU EQUIPA,20853.0,148137.21,13.27,21650.0,152269.35
PROGRAMADA,Não houve expurgo,INTERNA,PROGRAMADA,19997.0,62678.73,3.38,1357150.0,3795574.21
NAO PROGRAMADA,Ocorrência em dia crítico,INTERNA,PROPRIAS DO SISTEMA,18686.0,92685.0,3.39,7077931.0,2818533.04
NAO PROGRAMADA,Não houve expurgo,INTERNO,ABALROAMENTO,18564.0,199203.29,11.73,5380641.0,11835136.04
NAO PROGRAMADA,Ocorrência em dia crítico,INTERNA,SERVICO MAL EXECUTADO,17336.0,173800.45,10.61,1212631.0,1488077.6
NAO PROGRAMADA,Situação de emergência,INTERNA,QUEIMA OU INCENDIO,16895.0,144304.2,10.24,4365211.0,8995774.69
NAO PROGRAMADA,Não houve expurgo,RAMAL DE SERVICO,FALHA DE CONEXAO,16890.0,65167.73,3.94,16890.0,65167.73
NAO PROGRAMADA,Não houve expurgo,INTERNO,SERVICO MAL EXECUTADO,16564.0,144931.84,9.17,2886421.0,2815657.92
NAO PROGRAMADA,Suspensão por inadimplemento ou deficiência técnica/segurança da UC,INTERNA,NAO CLASSIFICADA,16410.0,89574.85,5.82,55648.0,47293.82
NAO PROGRAMADA,Não houve expurgo,INTERNA,PREVENTIVA,16344.0,53208.69,2.97,5790658.0,2683020.19
NAO PROGRAMADA,Ocorrência em dia crítico,INTERNA,ABALROAMENTO,15572.0,138909.55,10.14,5467604.0,11901741.89
PROGRAMADA,Não houve expurgo,INTERNA,OBJETO NA REDE,14799.0,54431.07,3.67,1604794.0,2018233.78
NAO PROGRAMADA,Não houve expurgo,INTERNO,ROUBO,14701.0,294309.0,24.73,723029.0,1697942.63
PROGRAMADA,Não houve expurgo,INTERNA,NAO CLASSIFICADA,14527.0,22094.41,1.6,19174599.0,3251560.22
PROGRAMADA,Obra de interesse exclusivo do consumidor,INTERNA,PARA MELHORIA,14501.0,71432.08,5.36,56978.0,108813.86
PROGRAMADA,Não houve expurgo,INTERNA,SOBRECARGA,14382.0,48282.77,3.74,1463637.0,1387898.11
NAO PROGRAMADA,Ocorrência em dia crítico,INTERNA,POLUICAO,14301.0,107330.44,7.93,490992.0,928409.51
NAO PROGRAMADA,Falha nas instalações da unidade consumidora sem afetar terceiros,INTERNA,SOBRECARGA,13649.0,46506.56,3.48,15446.0,46943.4
NAO PROGRAMADA,Ocorrência em dia crítico,INTERNA,DEFEITO INTERNO NAO AFETANDO OUTRAS UNIDADES CONSUMIDORAS,12451.0,148455.3,10.93,31531.0,201023.65
NAO PROGRAMADA,Ocorrência em dia crítico,INTERNO,VENTO,12270.0,133261.52,10.22,2120985.0,8615172.73
NAO PROGRAMADA,Falha nas instalações da unidade consumidora sem afetar terceiros,INTERNA,DEFEITO INTERNO NAO AFETANDO OUTRAS UNIDADES CONSU,12125.0,81291.8,6.53,12125.0,81291.8
NAO PROGRAMADA,Ocorrência em dia crítico,INTERNO,ARVORE OU VEGETACAO,12049.0,169041.84,12.83,2720029.0,9544645.01
NAO PROGRAMADA,Não houve expurgo,INTERNA,SUBTENSAO,11666.0,39104.7,3.38,373841.0,580600.86
NAO PROGRAMADA,Não houve expurgo,INTERNA,NAO IDENTIDICADA,11659.0,50294.65,4.61,2655817.0,5594519.7
NAO PROGRAMADA,Falha nas instalações da unidade consumidora sem afetar terceiros,INTERNA,DEFEITO REDE INTERNA NAO AFETANDO OUTRAS UNIDADES CONSUMIDORAS,11451.0,200024.87,17.31,11975.0,210089.9
PROGRAMADA,Ocorrência em dia crítico,INTERNA,FALHA DE MATERIAL OU EQUIPAMENTO,10891.0,90080.25,7.71,1405990.0,1449367.56
PROGRAMADA,Ocorrência em dia crítico,INTERNA,PREVENTIVA,10882.0,39202.08,3.71,1496505.0,3505017.82
NAO PROGRAMADA,Não houve expurgo,EXTERNA,NAO CLASSIFICADA,10570.0,8084.97,0.72,20357993.0,10114973.05
NAO PROGRAMADA,Ocorrência em dia crítico,INTERNA,ROUBO,10395.0,109003.81,12.13,1188708.0,2745116.42
NAO PROGRAMADA,Falha nas instalações da unidade consumidora sem afetar terceiros,INTERNA,DEFEITO INTERNO NAO AFETANDO OUTRAS UNIDADES CONSUMIDORES,10328.0,12015.72,1.25,10338.0,12024.03
NAO PROGRAMADA,Ocorrência em dia crítico,INTERNA,QUEIMA OU INCENDIO,9977.0,110937.42,12.58,1647956.0,3284575.53
PROGRAMADA,Não houve expurgo,INTERNA,ANIMAIS,9844.0,38260.01,3.45,899481.0,775878.23
NAO PROGRAMADA,Não houve expurgo,INTERNA,QUEIMADA OU INCENDIO,9481.0,51563.19,5.36,1089844.0,1402452.68
PROGRAMADA,Ocorrência em dia crítico,INTERNA,PARA MELHORIA,9337.0,35331.07,3.79,1089243.0,3037269.76
PROGRAMADA,Ocorrência em dia crítico,INTERNA,PARA AMPLIACAO,9100.0,31594.52,3.57,838128.0,2194216.79
NAO PROGRAMADA,Suspensão por inadimplemento ou deficiência técnica/segurança da UC,INTERNA,ARVORE OU VEGETACAO,8779.0,48918.72,6.12,97641.0,183548.81
NAO PROGRAMADA,Não houve expurgo,INTERNA,FALHA DE CONEXAO,8750.0,15887.96,1.78,8750.0,15887.96
NAO PROGRAMADA,Esquema de alívio de carga solicitado pelo ONS,INTERNA,ATUACAO DE SISTEMA ESPECIAL DE PROTECAO (SEP),8672.0,6709.78,0.67,11139467.0,9062215.68
PROGRAMADA,Ocorrência em dia crítico,INTERNA,NAO IDENTIFICADA,8470.0,27723.13,2.93,3764053.0,1347519.76
NAO PROGRAMADA,Não houve expurgo,INTERNA,DESLIGAMENTO PARA  MANUTENCAO EMERGENCIAL,8185.0,16299.92,1.93,1423888.0,1413280.26
NAO PROGRAMADA,Suspensão por inadimplemento ou deficiência técnica/segurança da UC,INTERNA,FALHA DE MATERIAL OU EQUIPAMENTO,8152.0,36157.94,5.63,116755.0,134986.37
PROGRAMADA,Obra de interesse exclusivo do consumidor,EXTERNA,PROGRAMADA,7884.0,71127.1,9.34,19964.0,130992.22
NAO PROGRAMADA,Não houve expurgo,DISTRIBUICAO,MEIO AMBIENTE OUTROS,7877.0,35477.52,4.06,2634287.0,4042677.54
PROGRAMADA,Não houve expurgo,INTERNA,ROUBO,7784.0,38995.86,5.75,140085.0,225114.63
NAO PROGRAMADA,Origem externa ao sistema de distribuição,EXTERNO,DESLIGAMENTO POR SEGURANCA,7772.0,11579.2,1.74,16396846.0,19962402.9
NAO PROGRAMADA,Não houve expurgo,INTERNO,DEFEITO CLIENTE AFETANDO OUTROS,7751.0,58123.51,7.69,950063.0,1690263.82
NAO PROGRAMADA,Falha nas instalações da unidade consumidora sem afetar terceiros,INTERNA,NAO IDENTIFICADA,7412.0,33281.46,6.79,84192.0,136130.39
NAO PROGRAMADA,Não houve expurgo,INTERNA,MARESIA OU CORROSAO,7240.0,24827.84,3.82,47403.0,112612.21
NAO PROGRAMADA,Não houve expurgo,INTERNA,PARA AMPLIACAO,6598.0,18819.27,2.79,2944127.0,1410951.44
NAO PROGRAMADA,Não houve expurgo,INTERNO,VANDALISMO,6550.0,60320.35,9.91,939316.0,1654525.73
PROGRAMADA,Não houve expurgo,INTERNA,DESLIGAMENTO PARA MANUTENCAO EMERGENCIAL,6465.0,18210.34,2.99,943133.0,936530.99
NAO PROGRAMADA,Situação de emergência,INTERNA,ANIMAIS,6387.0,39321.7,7.86,1010070.0,2505242.6
NAO PROGRAMADA,Não houve expurgo,INTERNA,INUNDACAO,6150.0,90106.24,14.56,305086.0,1349065.95
NAO PROGRAMADA,Suspensão por inadimplemento ou deficiência técnica/segurança da UC,INTERNA,VENTO,6139.0,37620.5,5.5,81249.0,180130.98
NAO PROGRAMADA,Situação de emergência,INTERNA,EROSAO,6017.0,226391.4,21.62,885525.0,6439850.97
NAO PROGRAMADA,Ocorrência em dia crítico,INTERNO,INTERFERENCIA DE TERCEIROS,5646.0,57653.17,10.12,821916.0,2214622.39
NAO PROGRAMADA,Falha nas instalações da unidade consumidora sem afetar terceiros,INTERNA,MEIO AMBIENTE,5450.0,23725.98,3.65,7281.0,32760.5
PROGRAMADA,Ocorrência em dia crítico,INTERNA,DESCARGA ATMOSFERICA,5430.0,38796.12,6.49,1332062.0,1236632.62
NAO PROGRAMADA,Ocorrência em dia crítico,INTERNA,ACIDENTE,5370.0,45754.3,9.57,771327.0,1756371.03
NAO PROGRAMADA,Ocorrência em dia crítico,INTERNA,FALHA MAT OU EQUIPA,5311.0,54864.24,10.02,356512.0,740521.86
NAO PROGRAMADA,Ocorrência em dia crítico,INTERNO,ANIMAIS,5279.0,52012.27,10.2,979032.0,3441924.04
NAO PROGRAMADA,Ocorrência em dia crítico,INTERNA,ERRO DE OPERACAO,5149.0,54932.56,11.82,1289772.0,701444.46
NAO PROGRAMADA,Falha nas instalações da unidade consumidora sem afetar terceiros,INTERNA,DESCARGA ATMOSFERICA,4896.0,28250.94,5.75,19652.0,43874.81
NAO PROGRAMADA,Não houve expurgo,INTERNA,INT. N. P. 1 NAO IDENTIFICADA,4593.0,5782.91,1.25,241079.0,145722.22
NAO PROGRAMADA,Ocorrência em dia crítico,INTERNO,CORROSAO,4582.0,53884.18,12.08,203777.0,762105.03
NAO PROGRAMADA,Falha nas instalações da unidade consumidora sem afetar terceiros,INTERNA,PROPRIAS DO SISTEMA,4564.0,14019.34,3.14,9932.0,21418.4
NAO PROGRAMADA,Falha nas instalações da unidade consumidora sem afetar terceiros,INTERNA,DEFEITO CLIENTE AFETANDO OUTRO,4510.0,24677.44,6.43,4520.0,24710.92
NAO PROGRAMADA,Falha nas instalações da unidade consumidora sem afetar terceiros,INTERNA,ANIMAIS,4214.0,12593.0,2.99,9621.0,20795.41
NAO PROGRAMADA,Não houve expurgo,INTERNA,DESLIG PARA MANUT EMERGENCIAL,4118.0,33222.0,6.78,930727.0,348417.44
NAO PROGRAMADA,Falha nas instalações da unidade consumidora sem afetar terceiros,INTERNA,DESLIGAMENTO PARA MANUTENCAO EMERGENCIAL,4116.0,26359.41,6.75,16917.0,2141678.23
NAO PROGRAMADA,Situação de emergência,INTERNA,CORROSAO,4064.0,71958.63,11.3,99663.0,563898.38
NAO PROGRAMADA,Esquema de alívio de carga solicitado pelo ONS,EXTERNA,NAO PROGRAMADA,4048.0,5609.59,0.67,2179784.0,2315115.44
NAO PROGRAMADA,Ocorrência em dia crítico,INTERNO,QUEIMADA OU INCENDIO,4003.0,38091.66,10.95,358364.0,1018955.16
NAO PROGRAMADA,Não houve expurgo,INTERNO,SOBRETENSAO,3898.0,24510.05,6.83,339173.0,408703.85
PROGRAMADA,Não houve expurgo,INTERNA,LIGACAO CLANDESTINA,3748.0,15833.5,4.46,152862.0,252270.13
NAO PROGRAMADA,Ocorrência em dia crítico,INTERNA,VANDALISMO,3681.0,31530.48,9.45,754950.0,1052897.78
NAO PROGRAMADA,Ocorrência em dia crítico,INTERNA,EMPRESAS DE SERVICOS PUBLICOS OU SUAS CONTRATADAS,3622.0,64384.78,11.89,125761.0,321072.99
NAO PROGRAMADA,Não houve expurgo,DISTRIBUICAO,MEIO AMBIENTE VEGETAL,3552.0,21285.48,6.07,470764.0,2498764.57
NAO PROGRAMADA,Esquema de alívio de carga solicitado pelo ONS,EXTERNA,NAO CLASSIFICADA,3512.0,1384.29,0.37,2810345.0,945477.13
NAO PROGRAMADA,Não houve expurgo,INTERNA,PARA AMPLIAO,3509.0,14159.62,4.0,373438.0,1060387.24
NAO PROGRAMADA,Ocorrência em dia crítico,INTERNA,DEFEITO CLIENTE AFETANDO OUTROS,3492.0,30930.75,9.98,814464.0,1433827.26
PROGRAMADA,Não houve expurgo,INTERNA,ABALROAMENTO,3463.0,19858.6,5.53,1448560.0,1069838.53
PROGRAMADA,Obra de interesse exclusivo do consumidor,INTERNA,NAO CLASSIFICADA,3452.0,28201.17,8.2,8601.0,52499.25
NAO PROGRAMADA,Ocorrência em dia crítico,INTERNO,NAO CLASSIFICADA,3260.0,29069.13,9.46,1266369.0,2262144.83
NAO PROGRAMADA,Esquema de alívio de carga solicitado pelo ONS,INTERNA,ALIVIO DE CARGA,3249.0,1837.44,0.52,6255689.0,2548504.16
NAO PROGRAMADA,Ocorrência em dia crítico,INTERNO,NAO IDENTIFICADA,3232.0,26035.85,8.68,2006647.0,3164331.7
NAO PROGRAMADA,Ocorrência em dia crítico,INTERNO,OBJETO NA REDE,3121.0,33312.77,10.87,884721.0,2381427.64
NAO PROGRAMADA,Não houve expurgo,INTERNA,NAO PROGRAMADA,3110.0,2121.14,0.58,10082878.0,4205941.84
NAO PROGRAMADA,Obra de interesse exclusivo do consumidor,INTERNA,NAO CLASSIFICADA,3110.0,21951.72,7.08,5158.0,23135.06
NAO PROGRAMADA,Situação de emergência,INTERNO,QUEIMADA OU INCENDIO,3094.0,29875.5,10.53,201825.0,594902.4
NAO PROGRAMADA,Ocorrência em dia crítico,INTERNA,LIGACAO CLANDESTINA,3015.0,36971.55,12.16,138249.0,556538.58
NAO PROGRAMADA,Não houve expurgo,INTERNA,INCENDIO,2997.0,22918.02,8.04,102454.0,300754.57
NAO PROGRAMADA,Esquema de alívio de carga solicitado pelo ONS,EXTERNA,ATUACAO DE SISTEMA ESPECIAL DE PROTECAO (SEP),2992.0,4157.18,1.58,13733707.0,35159470.43
PROGRAMADA,Suspensão por inadimplemento ou deficiência técnica/segurança da UC,INTERNA,PARA MELHORIA,2951.0,10426.6,3.52,12273.0,36127.43
PROGRAMADA,Ocorrência em dia crítico,INTERNA,ARVORE OU VEGETACAO,2759.0,21850.75,7.64,396266.0,553960.25
NAO PROGRAMADA,Falha nas instalações da unidade consumidora sem afetar terceiros,INTERNA,CORROSAO,2745.0,9605.35,3.4,3709.0,11936.99
NAO PROGRAMADA,Não houve expurgo,INTERNA,CURTO CIRCUITO,2681.0,5656.57,1.88,748529.0,1048399.64
NAO PROGRAMADA,Origem externa ao sistema de distribuição,EXTERNA,NAO PROGRAMADA,2562.0,1392.54,0.59,2829568.0,1164268.64
NAO PROGRAMADA,Esquema de alívio de carga solicitado pelo ONS,INTERNO,ALIVIO DE CARGA,2560.0,4383.21,1.67,7139026.0,12432777.42
NAO PROGRAMADA,Obra de interesse exclusivo do consumidor,INTERNO,PREVENTIVA,2537.0,19631.17,7.81,33981.0,179088.15
NAO PROGRAMADA,Ocorrência em dia crítico,INTERNO,SOBRECARGA,2484.0,24926.1,11.04,441199.0,1343274.27
NAO PROGRAMADA,Falha nas instalações da unidade consumidora sem afetar terceiros,INTERNA,ARVORE OU VEGETACAO,2331.0,14777.77,7.16,33992.0,62085.26
NAO PROGRAMADA,Situação de emergência,INTERNO,ANIMAIS,2269.0,20313.93,9.09,307130.0,1210769.89
NAO PROGRAMADA,Suspensão por inadimplemento ou deficiência técnica/segurança da UC,INTERNA,OBJETO NA REDE,2248.0,6256.27,2.97,32837.0,49079.94
NAO PROGRAMADA,Ocorrência em dia crítico,INTERNA,DESLIGAMENTO POR SEGURANCA,2237.0,12957.1,4.57,850707.0,612953.78
PROGRAMADA,Ocorrência em dia crítico,INTERNA,CORRETIVA,2228.0,5370.48,3.05,585368.0,510322.13
NAO PROGRAMADA,Suspensão por inadimplemento ou deficiência técnica/segurança da UC,INTERNA,ANIMAIS,2216.0,6168.72,3.05,21295.0,27151.65
NAO PROGRAMADA,Ocorrência em dia crítico,INTERNA,EROSAO,2208.0,29978.47,14.28,373371.0,1038681.08
NAO PROGRAMADA,Não houve expurgo,REDE PRIMARIA,NAO IDENTIFICADA,2194.0,10451.15,4.73,438210.0,1249028.28
PROGRAMADA,Obra de interesse exclusivo do consumidor,INTERNA,CORRETIVA,2145.0,12665.33,5.42,19502.0,39617.14
NAO PROGRAMADA,Não houve expurgo,INTERNO,EROSAO,2145.0,38739.9,19.65,261446.0,722959.76
NAO PROGRAMADA,Não houve expurgo,INTERNA,INT. N. P. 3 DESLIGAMENTO PARA MANUTENCAO EMERGENCIAL,2091.0,1190.18,0.57,45953.0,13332.95
NAO PROGRAMADA,Não houve expurgo,INTERNA,RAMAL PARTIDO,2057.0,4061.35,1.89,2057.0,4061.35
NAO PROGRAMADA,Suspensão por inadimplemento ou deficiência técnica/segurança da UC,INTERNA,DESLIGAMENTO PARA MANUTENCAO EMERGENCIAL,2030.0,4276.62,2.1,15739.0,15150.34
NAO PROGRAMADA,Não houve expurgo,INTERNA,EMPRESA DE SERVICO PUBLICO OU SUAS CONTRATADAS,2029.0,13136.93,6.81,232258.0,325144.47
NAO PROGRAMADA,Não houve expurgo,INTERNO,DESLIGAMENTO POR SEGURANCA,1945.0,41270.65,21.49,187250.0,880503.55
PROGRAMADA,Origem externa ao sistema de distribuição,EXTERNA,PROGRAMADA,1867.0,4050.36,3.07,3533151.0,4715923.89
NAO PROGRAMADA,Falha nas instalações da unidade consumidora sem afetar terceiros,INTERNA,VENTO,1865.0,12609.27,6.68,14908.0,111996.13
NAO PROGRAMADA,Não houve expurgo,PRODUCAO,ATUACAO DE PROTECAO,1849.0,754.42,0.41,3551088.0,1444633.29
NAO PROGRAMADA,Não houve expurgo,INTERNA,ATUACAO DE SISTEMA ESPECIAL DE PROTECAO (SEP),1793.0,486.41,0.34,4445664.0,229579.61
NAO PROGRAMADA,Não houve expurgo,INTERNA,CABO PARTIDO,1750.0,5289.87,2.54,534729.0,1272113.69
PROGRAMADA,Suspensão por inadimplemento ou deficiência técnica/segurança da UC,INTERNA,PREVENTIVA,1714.0,3424.94,2.8,40855.0,10171.46
NAO PROGRAMADA,Não houve expurgo,INTERNA,INT. N. P. 4 FALHA DE MATERIAL OU EQUIPAMENTO,1708.0,3200.65,1.85,189141.0,176543.6
NAO PROGRAMADA,Suspensão por inadimplemento ou deficiência técnica/segurança da UC,INTERNA,NAO IDENTIFICADA,1689.0,3540.27,2.47,39406.0,19694.2
NAO PROGRAMADA,Não houve expurgo,INTERNA,INT. N. P. 2 DESLIGAMENTO POR SEGURANCA,1688.0,1355.43,0.98,25952.0,10382.9
PROGRAMADA,Não houve expurgo,INTERNA,DEFEITO CLIENTE AFETANDO OUTROS,1672.0,7073.35,4.41,149726.0,210825.82
NAO PROGRAMADA,Não houve expurgo,EXTERNO,DESLIGAMENTO POR SEGURANCA,1672.0,949.0,0.67,4044033.0,1897925.62
NAO PROGRAMADA,Suspensão por inadimplemento ou deficiência técnica/segurança da UC,INTERNA,DESCARGA ATMOSFERICA,1636.0,9533.32,5.95,11268.0,27713.59
NAO PROGRAMADA,Não houve expurgo,INTERNO,ACIDENTE,1622.0,11612.7,7.24,328271.0,463959.95
NAO PROGRAMADA,Situação de emergência,INTERNA,NAO IDENTIDICADA,1621.0,11519.78,6.93,527588.0,1807910.87
PROGRAMADA,Não houve expurgo,INTERNA,VENTO,1518.0,6226.93,3.68,572199.0,338103.05
NAO PROGRAMADA,Suspensão por inadimplemento ou deficiência técnica/segurança da UC,INTERNA,LIGACAO CLANDESTINA,1505.0,24692.47,16.84,4726.0,62555.85
NAO PROGRAMADA,Falha nas instalações da unidade consumidora sem afetar terceiros,INTERNA,TERCEIROS,1485.0,9367.37,6.27,2753.0,10301.83
PROGRAMADA,Não houve expurgo,INTERNA,INT. P. 1 PARA MELHORIA,1476.0,4123.68,2.88,128521.0,211994.67
PROGRAMADA,Obra de interesse exclusivo do consumidor,INTERNA,PROGRAMADA,1441.0,8522.3,6.47,4623.0,20323.29
NAO PROGRAMADA,Não houve expurgo,INTERNA,INT. N. P. 1 ANIMAIS,1436.0,2199.18,1.54,49252.0,60105.08
NAO PROGRAMADA,Situação de emergência,INTERNO,INUNDACAO,1404.0,50331.2,31.51,556084.0,5626889.12
NAO PROGRAMADA,Ocorrência em dia crítico,INTERNA,TERCEIROS,1400.0,17695.43,9.74,142350.0,444838.0
PROGRAMADA,Falha nas instalações da unidade consumidora sem afetar terceiros,INTERNA,PARA MELHORIA,1372.0,9236.35,7.41,2746.0,11352.68
NAO PROGRAMADA,Falha nas instalações da unidade consumidora sem afetar terceiros,INTERNA,DEFEITO CLIENTE AFETANDO OUTROS,1370.0,5354.0,4.2,10588.0,23133.17
NAO PROGRAMADA,Não houve expurgo,REDE PRIMARIA,DESCARGA ATMOSFERICA,1370.0,6637.87,4.8,242344.0,772822.53
NAO PROGRAMADA,Não houve expurgo,INTERNA,OBJETO SOBRE A REDE,1346.0,7332.6,5.89,297155.0,456146.51
NAO PROGRAMADA,Situação de emergência,INTERNA,TERCEIROS,1337.0,13306.88,9.1,107939.0,507590.43
NAO PROGRAMADA,Obra de interesse exclusivo do consumidor,INTERNA,PARA AMPLIACAO,1282.0,8957.08,6.72,22802.0,41413.26
NAO PROGRAMADA,Ocorrência em dia crítico,INTERNO,CORRETIVA,1280.0,15178.25,12.92,529991.0,1682709.79
NAO PROGRAMADA,Não houve expurgo,INTERNA,JUMPER PARTIDO,1242.0,2145.57,1.61,648923.0,735649.29
PROGRAMADA,Não houve expurgo,INTERNA,MELHORIA NA REDE PRIMARIA,1223.0,3610.42,2.72,401191.0,427725.81
NAO PROGRAMADA,Não houve expurgo,EXTERNA,FALHA DE MATERIAL OU EQUIPAMENTO,1197.0,545.32,0.43,474719.0,200867.19
PROGRAMADA,Não houve expurgo,INTERNA,VANDALISMO,1183.0,4058.77,3.86,241333.0,175423.18
NAO PROGRAMADA,Esquema de alívio de carga solicitado pelo ONS,INTERNA,ATUACAO DE SISTEMA ESPECIAL DE PROTECAO SEP,1157.0,486.82,0.45,2594678.0,992610.08
NAO PROGRAMADA,Não houve expurgo,INTERNA,CABO TERMOPLASTICO AVARIADO,1156.0,2685.55,2.29,69759.0,157136.98
PROGRAMADA,Ocorrência em dia crítico,INTERNA,NAO CLASSIFICADA,1146.0,1694.12,2.56,1915431.0,629965.57
NAO PROGRAMADA,Ocorrência em dia crítico,INTERNA,SOBRETENSAO,1146.0,5112.05,5.65,387711.0,228275.79
NAO PROGRAMADA,Origem externa ao sistema de distribuição,EXTERNA,FALHA DE MATERIAL OU EQUIPAMENTO,1144.0,1438.05,0.77,367582.0,377386.26
NAO PROGRAMADA,Não houve expurgo,INTERNA,VEGETACAO SOBRE A REDE,1143.0,3498.72,2.4,339167.0,791067.8
NAO PROGRAMADA,Ocorrência em dia crítico,INTERNO,SUBTENSAO,1122.0,15063.88,14.18,15034.0,83738.84
NAO PROGRAMADA,Ocorrência em dia crítico,INTERNA,INUNDACAO,1081.0,23752.98,22.06,135811.0,818497.74
NAO PROGRAMADA,Não houve expurgo,REDE PRIMARIA,CABO PARTIDO,1058.0,7620.67,6.78,188421.0,815473.49
NAO PROGRAMADA,Não houve expurgo,INTERNA,INT. N. P. 2 DESCARGA ATMOSFERICA,1058.0,1828.28,1.63,131157.0,105624.95
NAO PROGRAMADA,Não houve expurgo,INTERNA,QUEIMA OU INCENCIO,1042.0,4371.67,4.53,126631.0,89246.72
PROGRAMADA,Ocorrência em dia crítico,INTERNO,AMPLIACAO,1030.0,4660.17,4.48,148706.0,492434.38
PROGRAMADA,Obra de interesse exclusivo do consumidor,INTERNA,PARA AMPLIACAO,1000.0,4326.68,4.4,3408.0,4627.41
NAO PROGRAMADA,Não houve expurgo,INTERNA,EMPRESA DE SERVICOS PUBLICOS OU SUAS CONTRATADAS,998.0,3575.42,3.64,58284.0,75858.87
NAO PROGRAMADA,Situação de emergência,INTERNA,QUEIMADA OU INCENDIO,991.0,8102.68,6.43,1153561.0,575143.24
NAO PROGRAMADA,Não houve expurgo,INTERNA,FALHA OPERACIONAL,984.0,1777.35,2.17,382333.0,140399.56
NAO PROGRAMADA,Ocorrência em dia crítico,EXTERNA,NAO CLASSIFICADA,860.0,759.82,1.54,987710.0,446498.67
NAO PROGRAMADA,Não houve expurgo,INTERNA,REDE TRANCADA BT,844.0,1900.78,2.28,49265.0,108519.5
NAO PROGRAMADA,Não houve expurgo,INTERNA,ALIVIO DE CARGA,844.0,1698.16,3.19,316569.0,70387.39
NAO PROGRAMADA,Situação de emergência,INTERNA,ABALROAMENTO,841.0,11405.45,13.82,175601.0,761541.32
NAO PROGRAMADA,Ocorrência em dia crítico,INTERNO,PARA AMPLIACAO,839.0,4115.84,5.96,73289.0,163320.48
PROGRAMADA,Situação de emergência,INTERNA,NAO CLASSIFICADA,834.0,6990.48,8.22,413445.0,752428.71
PROGRAMADA,Ocorrência em dia crítico,INTERNA,OBJETO NA REDE,833.0,5906.89,6.54,106056.0,182506.97
NAO PROGRAMADA,Falha nas instalações da unidade consumidora sem afetar terceiros,INTERNA,DEFEITO INTERNO N??O AFETANDO OUTRAS UNIDADES CONSUMIDORAS,802.0,7860.53,12.07,908.0,8317.44
PROGRAMADA,Não houve expurgo,INTERNA,INT. P. 1 PREVENTIVA,801.0,1577.63,1.92,91099.0,118927.8
NAO PROGRAMADA,Situação de emergência,INTERNA,DEFEITO INTERNO NAO AFETANDO OUTRAS UNIDADES CONSUMIDORAS,783.0,10473.22,15.14,1435.0,13179.63
NAO PROGRAMADA,Suspensão por inadimplemento ou deficiência técnica/segurança da UC,INTERNA,INTERFERENCIA DE TERCEIROS,781.0,2583.97,3.41,6769.0,9352.14
NAO PROGRAMADA,Falha nas instalações da unidade consumidora sem afetar terceiros,INTERNA,OBJETO NA REDE,774.0,2775.58,3.57,964.0,3314.62
NAO PROGRAMADA,Ocorrência em dia crítico,INTERNA,NAO PROGRAMADA,761.0,1319.42,1.57,2784833.0,2529607.2
NAO PROGRAMADA,Não houve expurgo,DISTRIBUICAO,MEIO AMBIENTE ANIMAL,753.0,2292.17,2.97,152422.0,286037.67
NAO PROGRAMADA,Não houve expurgo,INTERNO,INUNDACAO,740.0,18952.68,23.44,80856.0,348246.87
NAO PROGRAMADA,Suspensão por inadimplemento ou deficiência técnica/segurança da UC,INTERNA,SOBRECARGA,737.0,2487.28,3.41,5783.0,9902.94
PROGRAMADA,Não houve expurgo,INTERNA,MELHORIA,737.0,1902.25,2.68,100829.0,236003.54
NAO PROGRAMADA,Não houve expurgo,INTERNA,INT. N. P. 3 ARVORE OU VEGETACAO,736.0,1660.26,2.13,42567.0,72393.13
PROGRAMADA,Não houve expurgo,INTERNA,ALIVIO DE CARGA,727.0,252.82,0.25,1147773.0,82166.67
PROGRAMADA,Não houve expurgo,INTERNA,DESLIGAMENTO POR SEGURANCA,725.0,1295.35,1.58,809046.0,134084.27
NAO PROGRAMADA,Não houve expurgo,DISTRIBUICAO,SOBRECARGA,713.0,2375.3,2.93,54146.0,134699.58
NAO PROGRAMADA,Ocorrência em dia crítico,INTERNO,SERVICO MAL EXECUTADO,711.0,7850.52,12.23,216117.0,260559.94
NAO PROGRAMADA,Não houve expurgo,INTERNA,PROGRAMADA,711.0,3374.57,4.61,15351.0,58213.75
PROGRAMADA,Não houve expurgo,INTERNA,INT. P. 2 PARA AMPLIACAO,702.0,2110.38,2.85,57145.0,100995.01
PROGRAMADA,Falha nas instalações da unidade consumidora sem afetar terceiros,INTERNA,CORRETIVA,697.0,2336.82,4.85,3934.0,4532.09
NAO PROGRAMADA,Ocorrência em dia crítico,INTERNO,ROUBO,686.0,12736.95,27.22,99097.0,151126.23
NAO PROGRAMADA,Não houve expurgo,EXTERNA,PROGRAMADA,668.0,219.32,0.52,979253.0,342012.05
NAO PROGRAMADA,Ocorrência em dia crítico,INTERNO,ABALROAMENTO,656.0,11065.13,19.04,250356.0,757751.29
NAO PROGRAMADA,Origem externa ao sistema de distribuição,EXTERNA,NAO IDENTIFICADA,642.0,656.5,0.85,921226.0,611356.85
NAO PROGRAMADA,Situação de emergência,INTERNA,INTERFERENCIA DE TERCEIROS,639.0,6555.47,9.87,132744.0,688580.98
NAO PROGRAMADA,Não houve expurgo,EXTERNA,NAO IDENTIFICADA,627.0,227.2,0.29,220388.0,73103.3
NAO PROGRAMADA,Não houve expurgo,INTERNA,MEDIDOR AVARIADO,617.0,1123.72,1.82,617.0,1123.72
NAO PROGRAMADA,Não houve expurgo,PRODUCAO,PRODUTORES INDEPENDENTES,610.0,624.15,2.09,1127946.0,788845.14
NAO PROGRAMADA,Suspensão por inadimplemento ou deficiência técnica/segurança da UC,INTERNA,ABALROAMENTO,609.0,1988.48,3.48,9977.0,10288.66
PROGRAMADA,Não houve expurgo,INTERNA,ERRO DE OPERACAO,569.0,568.87,1.33,989048.0,103404.63
PROGRAMADA,Não houve expurgo,EXTERNA,PROGRAMADA,567.0,1512.17,2.79,310213.0,239322.79
NAO PROGRAMADA,Ocorrência em dia crítico,INTERNO,DEFEITO CLIENTE AFETANDO OUTROS,556.0,5609.07,10.73,70168.0,157900.35
NAO PROGRAMADA,Situação de emergência,INTERNA,DESLIGAMENTO POR SEGURANCA,551.0,22322.98,21.88,230961.0,2451628.87
NAO PROGRAMADA,Não houve expurgo,INTERNA,NAO CLASSIFICADA (INTERNA),548.0,497.85,0.93,18195.0,10081.88
PROGRAMADA,Ocorrência em dia crítico,INTERNA,SOBRECARGA,536.0,3173.77,5.93,73233.0,113354.74
NAO PROGRAMADA,Situação de emergência,INTERNA,VANDALISMO,531.0,5296.67,9.83,76701.0,152622.88
NAO PROGRAMADA,Não houve expurgo,DISTRIBUICAO,TERCEIROS,530.0,1956.53,3.56,45883.0,177275.61
NAO PROGRAMADA,Não houve expurgo,DISTRIBUICAO,FALHA HUMANA,519.0,2984.98,4.94,95800.0,347398.31
NAO PROGRAMADA,Situação de emergência,INTERNO,EROSAO,511.0,16669.85,35.15,282924.0,1810245.15
PROGRAMADA,Suspensão por inadimplemento ou deficiência técnica/segurança da UC,INTERNA,PARA AMPLIACAO,495.0,1773.7,3.59,1931.0,6182.16
NAO PROGRAMADA,Não houve expurgo,INTERNA,VENDAVAL,495.0,1989.08,3.93,52683.0,75065.45
NAO PROGRAMADA,Não houve expurgo,INTERNA,ALTERACAO PARA MELHORIA,490.0,856.1,1.61,25365.0,39885.41
NAO PROGRAMADA,Ocorrência em dia crítico,INTERNA,PREVENTIVA,483.0,1542.94,4.13,98073.0,88281.02
NAO PROGRAMADA,Não houve expurgo,DISTRIBUICAO,FALHA DE MATERIAL,480.0,1674.47,3.41,124392.0,338704.32
NAO PROGRAMADA,Situação de emergência,INTERNA,SERVICO MAL EXECUTADO,479.0,8814.15,16.99,4758.0,36695.85
PROGRAMADA,Situação de emergência,INTERNA,NAO CLASSIFICADAADA,478.0,4477.38,9.04,353709.0,470558.18
PROGRAMADA,Ocorrência em dia crítico,INTERNA,PROGRAMADA,475.0,1466.03,3.61,30104.0,93470.43
PROGRAMADA,Não houve expurgo,INTERNA,QUEIMA OU INCENDIO,457.0,1717.92,4.09,150626.0,111581.01
PROGRAMADA,Não houve expurgo,DISTRIBUICAO,REDE PRIMARIA,450.0,1762.87,3.88,380305.0,1200120.48
NAO PROGRAMADA,Ocorrência em dia crítico,INTERNA,VENDAVAL,448.0,2781.17,5.23,81521.0,221691.71
NAO PROGRAMADA,Não houve expurgo,INTERNA,CURTO TEMPORARIO E ATUACAO DA PROTECAO,440.0,993.12,1.96,229387.0,173554.15
NAO PROGRAMADA,Suspensão por inadimplemento ou deficiência técnica/segurança da UC,INTERNA,CORROSAO,428.0,1817.95,4.67,2834.0,5287.6
NAO PROGRAMADA,Ocorrência em dia crítico,INTERNO,VANDALISMO,423.0,3582.55,12.22,411115.0,281255.37
NAO PROGRAMADA,Não houve expurgo,EXTERNA,ATUACAO DE SISTEMA ESPECIAL DE PROTECAO (SEP),419.0,846.78,0.95,562915.0,64833.5
NAO PROGRAMADA,Ocorrência em dia crítico,INTERNA,INT. N. P. 2 DESCARGA ATMOSFERICA,419.0,1038.58,2.53,27714.0,38724.56
PROGRAMADA,Não houve expurgo,INTERNA,ACIDENTE,419.0,1621.43,3.91,208390.0,134030.92
PROGRAMADA,Falha nas instalações da unidade consumidora sem afetar terceiros,INTERNA,DEFEITO INTERNO NAO AFETANDO OUTRAS UNIDADES CONSUMIDORAS,400.0,2779.55,8.47,209932.0,20710.92
NAO PROGRAMADA,Origem externa ao sistema de distribuição,EXTERNA,ATUACAO DE SISTEMA ESPECIAL DE PROTECAO (SEP),391.0,431.92,0.66,1142617.0,199655.87
NAO PROGRAMADA,Falha nas instalações da unidade consumidora sem afetar terceiros,INTERNA,SOBRETENSAO,385.0,867.2,2.42,993.0,1812.08
PROGRAMADA,Ocorrência em dia crítico,INTERNA,ANIMAIS,376.0,2244.42,6.0,26904.0,46724.14
NAO PROGRAMADA,Situação de emergência,INTERNA,NAO PROGRAMADA,375.0,1661.52,2.71,1044978.0,1841204.29
PROGRAMADA,Ocorrência em dia crítico,INTERNO,PREVENTIVA,364.0,1583.95,4.5,68242.0,112242.81
NAO PROGRAMADA,Ocorrência em dia crítico,INTERNA,QUEIMADA OU INCENDIO,363.0,3605.15,9.5,25728.0,67642.23
NAO PROGRAMADA,Esquema de alívio de carga solicitado pelo ONS,PROPRIAS DO SISTEMA,ATUACAO DE SISTEMA ESPECIAL DE PROTECAO (SEP),361.0,584.72,1.4,590833.0,860601.6
NAO PROGRAMADA,Suspensão por inadimplemento ou deficiência técnica/segurança da UC,INTERNA,SERVICO MAL EXECUTADO,360.0,1646.72,4.88,3498.0,4904.89
NAO PROGRAMADA,Origem externa ao sistema de distribuição,EXTERNA,PROGRAMADA,359.0,137.72,0.7,507687.0,129991.43
NAO PROGRAMADA,Não houve expurgo,EXTERNA,GERACAO,358.0,190.95,0.43,792053.0,418277.2
NAO PROGRAMADA,Não houve expurgo,REDE PRIMARIA,PORTA FUSIVEL QUEIMADO,356.0,1753.45,4.6,47465.0,168495.05
NAO PROGRAMADA,Obra de interesse exclusivo do consumidor,INTERNA,PREVENTIVA,349.0,1530.22,4.17,476.0,1980.48
NAO PROGRAMADA,Não houve expurgo,INTERNA,QUEIMADO,345.0,786.55,2.09,33592.0,69414.19
PROGRAMADA,Origem externa ao sistema de distribuição,EXTERNA,PREVENTIVA,340.0,1281.22,3.47,508089.0,1912786.89
NAO PROGRAMADA,Falha nas instalações da unidade consumidora sem afetar terceiros,INTERNA,ABALROAMENTO,332.0,4256.8,11.8,2198.0,11048.43
NAO PROGRAMADA,Ocorrência em dia crítico,INTERNA,SUBTENSAO,324.0,2489.83,7.75,11793.0,46071.51
NAO PROGRAMADA,Não houve expurgo,INTERNA,MANUTENCAO CORRETIVA,322.0,561.78,1.85,48557.0,40176.14
NAO PROGRAMADA,Não houve expurgo,TRANSFORMADOR,QUEIMADO,317.0,2214.72,5.18,13115.0,73285.97
NAO PROGRAMADA,Não houve expurgo,INTERNA,ACIDENTE (TERCEIROS),309.0,398.42,1.27,76940.0,62420.7
NAO PROGRAMADA,Não houve expurgo,DISTRIBUICAO,OUTRAS CAUSAS,308.0,1233.75,5.58,41981.0,80285.17
NAO PROGRAMADA,Não houve expurgo,INTERNA,MANUTENCAO PREVENTIVA,305.0,593.68,1.87,46848.0,119626.07
NAO PROGRAMADA,Esquema de alívio de carga solicitado pelo ONS,EXTERNA,PROGRAMADA,301.0,77.98,0.25,270609.0,64189.94
NAO PROGRAMADA,Não houve expurgo,TRANSFORMADOR,CABO TERMOPLASTICO,300.0,1072.88,3.81,25988.0,83047.1
PROGRAMADA,Não houve expurgo,INTERNA,AMPLIACAO,300.0,808.9,2.66,40020.0,57572.46
NAO PROGRAMADA,Ocorrência em dia crítico,INTERNA,MARESIA OU CORROSAO,299.0,1940.07,7.38,2366.0,6158.24
NAO PROGRAMADA,Não houve expurgo,INTERNA,PRODUCAO OUTROS ( ESPECIFICAR ),298.0,217.43,0.71,421921.0,342581.47
NAO PROGRAMADA,Ocorrência em dia crítico,INTERNA,NAO IDENTIDICADA,295.0,1341.63,5.81,162469.0,212202.44
PROGRAMADA,Ocorrência em dia crítico,INTERNA,ABALROAMENTO,283.0,2588.53,9.64,146155.0,133631.53
PROGRAMADA,Esquema de alívio de carga solicitado pelo ONS,EXTERNA,ATUACAO DE SISTEMA ESPECIAL DE PROTECAO (SEP)MA,279.0,74.25,0.24,909232.0,231011.89
NAO PROGRAMADA,Não houve expurgo,TRANSFORMADOR,OUTROS (ESPECIFICAR),277.0,1204.27,3.89,14224.0,57224.91
NAO PROGRAMADA,Não houve expurgo,PADRAO DE ENTRADA,CIRCUITO,275.0,879.53,3.62,275.0,879.53
NAO PROGRAMADA,Não houve expurgo,INTERNA,TRAFO COM AVARIA INTERNA,263.0,1287.83,4.86,36428.0,68700.02
NAO PROGRAMADA,Não houve expurgo,INTERNA,MELHORIA NA REDE PRIMARIA,262.0,879.97,3.32,53736.0,124545.45
NAO PROGRAMADA,Ocorrência em dia crítico,INTERNO,DESLIGAMENTO POR SEGURANCA,259.0,6890.9,27.33,28137.0,210372.08
NAO PROGRAMADA,Não houve expurgo,INTERNA,FALHA DE CONEXAO DO MEDIDOR,256.0,448.13,1.66,256.0,448.13
NAO PROGRAMADA,Ocorrência em dia crítico,INTERNA,CORRETIVA,256.0,698.18,3.1,84328.0,55829.71
NAO PROGRAMADA,Não houve expurgo,EXTERNA,NAO PROGRAMADA,254.0,77.93,0.53,145386.0,33282.8
NAO PROGRAMADA,Não houve expurgo,INTERNA,POSTE ABALROADO QUEBRADO,254.0,586.18,2.45,140965.0,203140.28
NAO PROGRAMADA,Suspensão por inadimplemento ou deficiência técnica/segurança da UC,INTERNA,POLUICAO,248.0,947.88,3.64,3078.0,4191.07
NAO PROGRAMADA,Esquema de alívio de carga solicitado pelo ONS,INTERNA,ATUACAO DO SISTEMA ESPECIAL DE PROTECAO,248.0,74.9,0.28,726907.0,234239.67
NAO PROGRAMADA,Não houve expurgo,INTERNA,INT. N. P. 2 ABALROAMENTO,246.0,649.37,2.67,9747.0,11047.93
NAO PROGRAMADA,Ocorrência em dia crítico,INTERNA,INT. N. P. 1 NAO IDENTIFICADA,239.0,588.55,2.62,5055.0,10596.55
PROGRAMADA,Não houve expurgo,INTERNA,MELHORIA NA REDE SECUNDARIA,237.0,942.65,3.72,13325.0,51709.39
NAO PROGRAMADA,Não houve expurgo,INTERNA,DEFEITO INTERNO NAO AFETANDO OUTRAS UNIDADES CONSUMIDORES,237.0,278.12,1.16,237.0,278.12
NAO PROGRAMADA,Ocorrência em dia crítico,INTERNA,ATUACAO DE SISTEMA ESPECIAL DE PROTECAO (SEP),236.0,37.62,0.11,667316.0,29605.86
NAO PROGRAMADA,Situação de emergência,EXTERNA,NAO CLASSIFICADA,229.0,206.25,1.24,582405.0,900663.2
PROGRAMADA,Não houve expurgo,INTERNA,NAO CLASSIFICADAADA,228.0,4915.87,19.77,3500.0,61299.18
NAO PROGRAMADA,Ocorrência em dia crítico,INTERNA,PARA MELHORIA,226.0,727.63,3.68,164833.0,90025.29
NAO PROGRAMADA,Suspensão por inadimplemento ou deficiência técnica/segurança da UC,INTERNA,DEFEITO INTERNO NAO AFETANDO OUTRAS UNIDADES CONSUMIDORAS,223.0,1136.37,5.2,306.0,1504.88
NAO PROGRAMADA,Não houve expurgo,INTERNA,BUCHA SECUNDARIA AVARIADA,222.0,740.48,3.41,21124.0,45958.0
NAO PROGRAMADA,Origem externa ao sistema de distribuição,EXTERNA,SUPRIMENTO COPEL,222.0,1234.52,5.97,262797.0,414904.42
NAO PROGRAMADA,Não houve expurgo,EXTERNA,DESLIGAMENTO PARA MANUTENCAO EMERGENCIAL,218.0,477.64,1.83,84063.0,164296.2
NAO PROGRAMADA,Não houve expurgo,INTERNA,INT. N. P. 1 DEFEITO CLIENTE AFETANDO OUTROS,215.0,272.8,1.35,1199.0,1647.85
NAO PROGRAMADA,Não houve expurgo,PRODUCAO,FALHA DE EQUIPAMENTO,215.0,433.35,1.8,462498.0,429143.88
NAO PROGRAMADA,Ocorrência em dia crítico,INTERNA,INT. N. P. CASO FORTUITO OU FORCA MAIOR (TEMPORAL),215.0,2876.37,11.46,19043.0,132805.51
NAO PROGRAMADA,Suspensão por inadimplemento ou deficiência técnica/segurança da UC,EXTERNA,ATUACAO DE SISTEMA ESPECIAL DE PROTECAO (SEP),211.0,108.52,0.51,24730.0,12306.91
PROGRAMADA,Falha nas instalações da unidade consumidora sem afetar terceiros,INTERNA,PREVENTIVA,207.0,698.18,3.16,385.0,1078.7
NAO PROGRAMADA,Não houve expurgo,INTERNA,ATUACAO DO SISTEMA ESPECIAL DE PROTECAO (SEP),207.0,8.7,0.03,699092.0,17945.7
NAO PROGRAMADA,Ocorrência em dia crítico,INTERNO,EROSAO,204.0,4720.0,27.51,75641.0,356071.0
NAO PROGRAMADA,Não houve expurgo,INTERNA,DEFEITO CLIENTES AFET OUTROS,197.0,1021.53,5.19,27824.0,36166.54
NAO PROGRAMADA,Não houve expurgo,INTERNA,NAO EFETUOU RELIGAMENTO,197.0,280.55,1.23,189670.0,197621.45
NAO PROGRAMADA,Não houve expurgo,INTERNA,OBJETO ESTRANHO NA REDE,196.0,382.18,1.84,61964.0,75777.04
PROGRAMADA,Ocorrência em dia crítico,INTERNA,VENTO,193.0,1047.9,6.5,151860.0,140837.63
NAO PROGRAMADA,Ocorrência em dia crítico,INTERNA,ALIVIO DE CARGA,190.0,619.22,5.37,97595.0,110608.7
NAO PROGRAMADA,Situação de emergência,INTERNA,ROUBO,190.0,3544.07,22.73,10238.0,141012.34
PROGRAMADA,Ocorrência em dia crítico,INTERNA,ROUBO,188.0,1125.17,6.87,10473.0,12483.6
NAO PROGRAMADA,Não houve expurgo,INTERNA,CIRCUITO,183.0,351.6,1.9,528.0,1265.87
NAO PROGRAMADA,Não houve expurgo,INTERNA,INT. N. P. 3 ACIDENTE,174.0,406.58,2.53,12119.0,16949.42
NAO PROGRAMADA,Não houve expurgo,REDE PRIMARIA,JUMPER PARTIDO,173.0,629.12,3.31,137225.0,311667.06
NAO PROGRAMADA,Situação de emergência,INTERNO,CORROSAO,173.0,1632.9,10.21,23492.0,22720.74
PROGRAMADA,Não houve expurgo,EXTERNA,NAO CLASSIFICADA,172.0,96.73,0.49,414513.0,245936.05
PROGRAMADA,Não houve expurgo,INTERNA,EMPRESAS DE SERVICOS PUBLICOS OU SUAS CONTRATADAS,172.0,816.3,4.65,27397.0,22046.66
NAO PROGRAMADA,Não houve expurgo,PRODUCAO,OUTROS ( ESPECIFICAR ),171.0,119.52,0.71,392146.0,307420.09
NAO PROGRAMADA,Não houve expurgo,NAO INFORMADO,NAO INFORMADO,168.0,313.03,3.31,340304.0,179442.86
NAO PROGRAMADA,Não houve expurgo,INTERNA,CRUZETA QUEBRADA,166.0,364.63,2.37,91343.0,146574.44
NAO PROGRAMADA,Não houve expurgo,INTERNA,PRODUCAO ATUACAO DE PROTECAO,164.0,152.32,0.62,307194.0,246925.6
NAO PROGRAMADA,Suspensão por inadimplemento ou deficiência técnica/segurança da UC,INTERNA,DESLIGAMENTO POR SEGURANCA,160.0,447.57,3.0,164.0,447.97
NAO PROGRAMADA,Não houve expurgo,REDE PRIMARIA,CRUZETA QUEBRADA,159.0,1063.3,5.7,81756.0,958931.17
NAO PROGRAMADA,Não houve expurgo,INTERNA,OUTROS,156.0,255.3,1.72,109848.0,73950.88
NAO PROGRAMADA,Ocorrência em dia crítico,INTERNA,INCENDIO,155.0,1563.6,10.61,7114.0,35043.65
NAO PROGRAMADA,Não houve expurgo,INTERNA,CURTO CIRCUITO NA REDE,151.0,207.22,1.45,67785.0,61921.19
NAO PROGRAMADA,Não houve expurgo,INTERNA,CHAVE SECCIONADORA AVARIADA ( ESPECIFICAR ),144.0,297.18,2.04,77587.0,94431.76
NAO PROGRAMADA,Origem externa ao sistema de distribuição,EXTERNA,EXTERNA,144.0,148.52,1.6,659815.0,441718.66
NAO PROGRAMADA,Situação de emergência,INTERNO,OBJETO NA REDE,144.0,1891.15,14.46,39252.0,159811.21
NAO PROGRAMADA,Não houve expurgo,INTERNA,DEFEITO CLIENTE AFETANDO OUTRO,141.0,636.57,5.44,18836.0,10233.44
NAO PROGRAMADA,Ocorrência em dia crítico,INTERNO,SOBRETENSAO,141.0,1831.98,13.24,15544.0,28896.32
NAO PROGRAMADA,Situação de emergência,INTERNA,DEFEITO CLIENTE AFETANDO OUTROS,134.0,1746.7,10.45,122426.0,1032700.23
NAO PROGRAMADA,Não houve expurgo,INTERNA,INT. N. P. 5 SOBRECARGA,134.0,147.72,1.18,12858.0,2362.63
PROGRAMADA,Ocorrência em dia crítico,INTERNA,DEFEITO CLIENTE AFETANDO OUTROS,134.0,915.98,7.07,15255.0,29730.21
NAO PROGRAMADA,Não houve expurgo,INTERNA,PRODUCAO OUTROS ESPECIFICAR,132.0,64.82,0.48,298728.0,144871.65
NAO PROGRAMADA,Origem externa ao sistema de distribuição,INTERNA,ALIVIO DE CARGA,132.0,27.4,0.2,167043.0,33965.02
NAO PROGRAMADA,Não houve expurgo,DISTRIBUICAO,ABALROAMENTO DE POSTE,132.0,715.07,5.23,53252.0,167590.04
NAO PROGRAMADA,Situação de emergência,INTERNO,DESLIGAMENTO POR SEGURANCA,131.0,2589.02,21.35,71862.0,379098.42
NAO PROGRAMADA,Não houve expurgo,INTERNA,EMPRESAS DE SERVICOS PUBLICO OU  SUAS CONTRATADAS,130.0,413.82,4.91,107293.0,95096.93
NAO PROGRAMADA,Não houve expurgo,OUTROS,PROPRIAS DO SISTEMA,128.0,143.15,1.1,79636.0,74668.5
NAO PROGRAMADA,Ocorrência em dia crítico,INTERNA,PARA AMPLIACAO,125.0,371.5,2.98,53943.0,51018.52
NAO PROGRAMADA,Origem externa ao sistema de distribuição,EXTERNO,PARA AMPLIACAO,125.0,321.72,2.06,257389.0,640199.25
PROGRAMADA,Ocorrência em dia crítico,EXTERNA,NAO CLASSIFICADA,122.0,19.22,0.27,141963.0,48274.04
NAO PROGRAMADA,Esquema de alívio de carga solicitado pelo ONS,INTERNA,NAO PROGRAMADA,121.0,22.83,0.17,388482.0,74805.49
NAO PROGRAMADA,Ocorrência em dia crítico,INTERNO,ACIDENTE,119.0,937.72,8.45,41452.0,79674.42
NAO PROGRAMADA,Não houve expurgo,INTERNA,ALTERACAO PARA AMPLIACAO,119.0,237.88,1.76,2950.0,6398.23
NAO PROGRAMADA,Ocorrência em dia crítico,INTERNA,INT. N. P. 3 ARVORE OU VEGETACAO,119.0,427.3,3.84,7188.0,17622.14
NAO PROGRAMADA,Não houve expurgo,INTERNA,GRAMPO DE LINHA VIVA DANIFICADO,117.0,218.77,1.86,15636.0,16638.42
NAO PROGRAMADA,Não houve expurgo,INTERNA,AMARRACAO PARTIDA,116.0,269.67,2.23,19605.0,38666.35
PROGRAMADA,Situação de emergência,INTERNA,PARA MELHORIA,116.0,761.0,5.96,17891.0,22822.54
PROGRAMADA,Obra de interesse exclusivo do consumidor,INTERNO,PREVENTIVA,115.0,2876.52,18.57,1356.0,27585.54
NAO PROGRAMADA,Falha nas instalações da unidade consumidora sem afetar terceiros,INTERNA,DEFEITO INTERNO NAO AFETANDO OUTRAS UNIDADES CONSUNIDORAS,115.0,96.27,0.94,193.0,98.4
NAO PROGRAMADA,Ocorrência em dia crítico,INTERNO,INUNDACAO,114.0,3141.65,33.97,19622.0,111989.38
NAO PROGRAMADA,Situação de emergência,INTERNA,CASO FORTUITO OU FORCA MAIOR,114.0,1584.87,13.9,33575.0,145025.48
NAO PROGRAMADA,Não houve expurgo,REDE PRIMARIA,ISOLADOR DE PINO AVARIADO,113.0,626.78,5.31,17362.0,53823.29
NAO PROGRAMADA,Não houve expurgo,INTERNA,CONEXAO AVARIADA,112.0,242.18,2.28,6845.0,14683.23
NAO PROGRAMADA,Não houve expurgo,EXTERNA,PRODUCAO NAO IDENTIFICADA,111.0,40.97,0.38,200037.0,69574.97
NAO PROGRAMADA,Ocorrência em dia crítico,INTERNA,DESLIGAMENTO PARA  MANUTENCAO EMERGENCIAL,111.0,185.22,1.73,14859.0,12000.98
NAO PROGRAMADA,Não houve expurgo,INTERNA,REDE TRANCADA MT,110.0,253.6,2.32,20322.0,20049.07
NAO PROGRAMADA,Situação de emergência,INTERNA,POLUICAO,109.0,1326.18,16.38,97807.0,55926.2
PROGRAMADA,Ocorrência em dia crítico,INTERNA,DESLIGAMENTO PARA MANUTENCAO EMERGENCIAL,108.0,458.98,4.75,21056.0,16365.5
PROGRAMADA,Ocorrência em dia crítico,EXTERNA,PROGRAMADA,108.0,2225.08,22.74,10618.0,22118.27
NAO PROGRAMADA,Ocorrência em dia crítico,INTERNA,OBJETO SOBRE A REDE,107.0,1752.17,17.11,26566.0,84277.25
NAO PROGRAMADA,Não houve expurgo,EXTERNA,PRODUCAO FALHA HUMANA,107.0,62.7,0.55,321836.0,150323.22
NAO PROGRAMADA,Não houve expurgo,INTERNA,INT. N. P. 4 VENTO,104.0,362.18,3.23,12731.0,11541.98
PROGRAMADA,Não houve expurgo,INTERNO,CORRETIVA,103.0,403.7,3.85,10085.0,17559.43
NAO PROGRAMADA,Ocorrência em dia crítico,INTERNA,INT. N. P. 4 FALHA DE MATERIAL OU EQUIPAMENTO,102.0,408.15,4.01,13237.0,19016.81
NAO PROGRAMADA,Não houve expurgo,INTERNA,INT. N. P. 1 ACIDENTE,102.0,39.22,0.45,2209.0,854.94
PROGRAMADA,Não houve expurgo,INTERNA,MANUTECAO CORRETIVA,102.0,194.18,1.81,5087.0,9779.47
NAO PROGRAMADA,Não houve expurgo,DISTRIBUICAO,CHAVE SECCIONADORA,101.0,443.73,3.68,80805.0,131952.0
NAO PROGRAMADA,Suspensão por inadimplemento ou deficiência técnica/segurança da UC,INTERNA,PARA MELHORIA,100.0,586.42,5.54,148.0,814.03
NAO PROGRAMADA,Situação de emergência,INTERNA,ALIVIO DE CARGA,100.0,368.62,3.77,55347.0,171741.82
NAO PROGRAMADA,Situação de emergência,INTERNA,SOBRETENSAO,99.0,500.32,5.31,39504.0,33553.1
NAO PROGRAMADA,Não houve expurgo,INTERNA,PAPAGAIO DE PAPEL NA REDE,98.0,145.67,1.47,28974.0,37344.56
PROGRAMADA,Obra de interesse exclusivo do consumidor,INTERNA,DEFEITO CLIENTE AFETANDO OUTROS,97.0,698.52,7.35,128.0,863.6
NAO PROGRAMADA,Ocorrência em dia crítico,INTERNA,EMPRESA DE SERVICO PUBLICO OU SUAS CONTRATADAS,96.0,2092.18,21.51,5557.0,108312.48
NAO PROGRAMADA,Suspensão por inadimplemento ou deficiência técnica/segurança da UC,INTERNA,PROPRIAS DO SISTEMA,96.0,153.85,1.71,290.0,241.03
NAO PROGRAMADA,Esquema de alívio de carga solicitado pelo ONS,INTERNA,ATUACAO DE SISTEMA ESPECIAL DE PROTECAO,96.0,81.25,0.87,176321.0,155808.39
PROGRAMADA,Ocorrência em dia crítico,INTERNA,LIGACAO CLANDESTINA,96.0,807.32,8.15,1801.0,8629.49
NAO PROGRAMADA,Origem externa ao sistema de distribuição,INTERNA,DESCARGA ATMOSFERICA,95.0,136.27,1.18,166390.0,54135.27
NAO PROGRAMADA,Origem externa ao sistema de distribuição,EXTERNA,EXT.N PROG. 1 NAO IDENTIFICADA,93.0,85.22,0.78,50988.0,47261.04
PROGRAMADA,Origem externa ao sistema de distribuição,EXTERNA,CORRETIVA,93.0,315.87,2.95,132424.0,357871.1
NAO PROGRAMADA,Ocorrência em dia crítico,INTERNA,DESLIG PARA MANUT EMERGENCIAL,93.0,509.65,13.84,27501.0,5998.51
NAO PROGRAMADA,Não houve expurgo,INTERNA,ISOLADOR DE PINO AVARIADO,93.0,172.97,2.2,65040.0,72932.62
NAO PROGRAMADA,Não houve expurgo,INTERNA,SOMENTE ELO FUSIVEL QUEIMADO,92.0,200.73,1.99,14060.0,36966.48
NAO PROGRAMADA,Suspensão por inadimplemento ou deficiência técnica/segurança da UC,INTERNA,VANDALISMO,89.0,459.22,5.27,264.0,856.72
NAO PROGRAMADA,Origem externa ao sistema de distribuição,INTERNA,FALHA DE MATERIAL OU EQUIPAMENTO,86.0,195.0,3.16,99620.0,78105.29
NAO PROGRAMADA,Não houve expurgo,EXTERNA,SOBRECARGA,86.0,44.17,0.81,37527.0,9866.46
NAO PROGRAMADA,Situação de emergência,INTERNO,VANDALISMO,85.0,393.5,7.67,141402.0,559405.63
NAO PROGRAMADA,Situação de emergência,INTERNA,QUEIMA OU INCENCIO,85.0,834.23,10.1,6670.0,24652.29
PROGRAMADA,Não houve expurgo,INTERNA,MANUTENCAO PREVENTIVA,84.0,204.88,2.76,21817.0,54332.0
PROGRAMADA,Suspensão por inadimplemento ou deficiência técnica/segurança da UC,INTERNA,CORRETIVA,84.0,209.65,2.77,667.0,647.49
NAO PROGRAMADA,Não houve expurgo,INTERNA,ESPECIFICAR,83.0,106.07,1.25,88762.0,86566.93
NAO PROGRAMADA,Ocorrência em dia crítico,EXTERNA,NAO PROGRAMADA,82.0,219.37,1.62,116435.0,47963.27
NAO PROGRAMADA,Falha nas instalações da unidade consumidora sem afetar terceiros,INTERNA,VANDALISMO,80.0,3688.3,46.67,86.0,483.95
NAO PROGRAMADA,Suspensão por inadimplemento ou deficiência técnica/segurança da UC,EXTERNA,NAO CLASSIFICADA,78.0,36.7,0.44,5282.0,1857.54
NAO PROGRAMADA,Não houve expurgo,PRODUCAO,GERACAO PROPRIA,76.0,165.53,2.1,180947.0,146107.66
NAO PROGRAMADA,Não houve expurgo,INTERNA,INT. N. P. CASO FORTUITO OU FORCA MAIOR (TEMPORAL),76.0,436.35,5.36,14316.0,51235.56
NAO PROGRAMADA,Suspensão por inadimplemento ou deficiência técnica/segurança da UC,INTERNA,DEFEITO CLIENTE AFETANDO OUTROS,76.0,194.38,3.33,1499.0,841.62
NAO PROGRAMADA,Não houve expurgo,INTERNA,CURTO CIRCUITO EM REDE DE BT,76.0,191.4,2.74,18243.0,65723.01
NAO PROGRAMADA,Falha nas instalações da unidade consumidora sem afetar terceiros,INTERNA,ROUBO,76.0,21061.22,272.37,235.0,7479.85
NAO PROGRAMADA,Não houve expurgo,INTERNA,PORTA FUSIVEL QUEIMADO,76.0,204.82,2.32,11105.0,20484.89
PROGRAMADA,Obra de interesse exclusivo do consumidor,INTERNA,DESLIGAMENTO SOLICITADO PELO CONSUMIDOR,75.0,422.4,6.13,393.0,1186.11
NAO PROGRAMADA,Não houve expurgo,INTERNA,NAO CLASSIFICADA INTERNA,74.0,238.82,3.23,7558.0,8778.84
NAO PROGRAMADA,Não houve expurgo,DISTRIBUICAO,INSTALACAO AT,73.0,278.87,4.33,73.0,278.87
NAO PROGRAMADA,Origem externa ao sistema de distribuição,EXTERNA,DESLIGAMENTO PARA MANUTENCAO EMERGENCIAL,73.0,212.0,2.41,65672.0,188138.62
NAO PROGRAMADA,Obra de interesse exclusivo do consumidor,INTERNA,CORRETIVA,72.0,251.73,3.63,177.0,303.19
PROGRAMADA,Origem externa ao sistema de distribuição,EXTERNA,EXT.P. 1 PREVENTIVA,71.0,189.68,3.19,17501.0,23818.47
NAO PROGRAMADA,Obra de interesse exclusivo do consumidor,INTERNA,DESLIGAMENTO PARA MANUTENCAO EMERGENCIAL,71.0,1414.12,29.41,98.0,1086.93
NAO PROGRAMADA,Não houve expurgo,EXTERNA,NAO CLASSIFICADA EXTERNA ( EDP 138,69.0,11.85,0.1,239443.0,45263.7
NAO PROGRAMADA,Origem externa ao sistema de distribuição,EXTERNA,ALTERACAO PARA MELHORIA,69.0,93.95,1.3,4320.0,5724.34
NAO PROGRAMADA,Não houve expurgo,EXTERNA,NAO CLASSIFICADA EXTERNA,67.0,25.63,0.38,496998.0,301985.5
NAO PROGRAMADA,Não houve expurgo,DISTRIBUICAO,DESCARGA ATMOSFERICA,67.0,478.43,5.84,4879.0,17657.99
NAO PROGRAMADA,Não houve expurgo,DISTRIBUICAO,RELIGADOR,66.0,193.03,3.21,10503.0,17117.25
NAO PROGRAMADA,Situação de emergência,INTERNO,FALHA DE MATERIAL OU EQUIPAMENTO,66.0,436.17,6.27,63105.0,103218.29
NAO PROGRAMADA,Não houve expurgo,TRANSFORMADOR,COM AVARIA INTERNA,66.0,609.07,8.13,2028.0,16723.85
NAO PROGRAMADA,Não houve expurgo,INTERNA,GRAMPO DE LINHA VIVA,65.0,104.9,1.68,19978.0,14607.94
NAO PROGRAMADA,Ocorrência em dia crítico,INTERNA,INT. N. P. 1 ANIMAIS,64.0,235.83,4.39,499.0,1833.68
NAO PROGRAMADA,Não houve expurgo,INTERNA,PIPAS NA REDE,64.0,77.3,1.17,23768.0,21297.76
NAO PROGRAMADA,Não houve expurgo,INTERNA,TRAFO COM VAZAMENTO,63.0,206.97,3.31,3058.0,10446.26
PROGRAMADA,Obra de interesse exclusivo do consumidor,INTERNA,FALHA DE MATERIAL OU EQUIPAMENTO,63.0,296.58,4.79,78.0,337.38
PROGRAMADA,Não houve expurgo,INTERNA,DIVISAO DE CIRCUITOS,61.0,127.45,2.18,2945.0,6020.11
NAO PROGRAMADA,Não houve expurgo,INTERNA,MELHORIA NA REDE SECUNDARIA,60.0,203.85,2.85,7472.0,10831.99
PROGRAMADA,Não houve expurgo,INTERNA,DEFEITO INTERNO NAO AFETANDO OUTRAS UNIDADES CONSUMIDORAS,60.0,344.72,5.56,74.0,579.68
NAO PROGRAMADA,Obra de interesse exclusivo do consumidor,INTERNA,DESLIGAMENTO SOLICITADO PELO CONSUMIDOR,60.0,408.7,7.37,65.0,450.47
NAO PROGRAMADA,Não houve expurgo,INTERNA,QUEBRADO,59.0,223.3,3.73,16001.0,32323.76
NAO PROGRAMADA,Situação de emergência,INTERNA,ACIDENTE,58.0,707.5,13.89,6455.0,14042.37
NAO PROGRAMADA,Falha nas instalações da unidade consumidora sem afetar terceiros,INTERNA,ACIDENTE (TERCEIROS),58.0,78.02,1.56,31953.0,23724.71
PROGRAMADA,Ocorrência em dia crítico,INTERNA,ALIVIO DE CARGA,57.0,44.58,0.38,137700.0,12838.1
NAO PROGRAMADA,Falha nas instalações da unidade consumidora sem afetar terceiros,INTERNA,DEFEITO CLIENTES AFET OUTROS,56.0,274.57,5.5,43.0,208.28
NAO PROGRAMADA,Falha nas instalações da unidade consumidora sem afetar terceiros,INTERNA,ACIDENTE,56.0,196.43,3.59,72.0,244.38
PROGRAMADA,Suspensão por inadimplemento ou deficiência técnica/segurança da UC,INTERNA,PROGRAMADA,55.0,244.42,4.41,80.0,370.63
NAO PROGRAMADA,Não houve expurgo,INTERNA,PORCELANA AVARIADA,54.0,177.5,2.72,24244.0,46830.5
PROGRAMADA,Origem externa ao sistema de distribuição,EXTERNA,EXT.P. 1 PARA MELHORIA,54.0,182.35,3.71,12482.0,18627.48
PROGRAMADA,Não houve expurgo,INTERNA,INTERFERENCIA DE TERCEIROS,53.0,439.33,8.59,5231.0,14082.07
PROGRAMADA,Ocorrência em dia crítico,INTERNA,DESLIGAMENTO POR SEGURANCA,50.0,135.75,2.39,75474.0,21756.39
NAO PROGRAMADA,Não houve expurgo,INTERNA,TRAFO OUTROS (ESPECIFICAR),50.0,120.73,2.28,4163.0,5409.01
NAO PROGRAMADA,Obra de interesse exclusivo do consumidor,INTERNA,DESLIG PARA MANUT EMERGENCIAL,50.0,2766.37,56.22,104.0,1856.81
PROGRAMADA,Não houve expurgo,INTERNA,EROSAO,50.0,184.97,3.48,29610.0,29333.71
PROGRAMADA,Não houve expurgo,INTERNA,ALTERACAO PARA MELHORIA,49.0,125.3,3.09,15420.0,24528.22
NAO PROGRAMADA,Não houve expurgo,PRODUCAO,SOBRECARGA,49.0,55.9,1.38,113659.0,75658.66
NAO PROGRAMADA,Suspensão por inadimplemento ou deficiência técnica/segurança da UC,INTERNA,ERRO DE OPERACAO,49.0,16.85,0.42,1514.0,201.14
PROGRAMADA,Não houve expurgo,DISTRIBUICAO,EXPANSAO DE REDE,48.0,186.0,3.75,4338.0,15620.0
NAO PROGRAMADA,Ocorrência em dia crítico,EXTERNO,DESLIGAMENTO POR SEGURANCA,48.0,25.38,0.47,189327.0,88899.79
NAO PROGRAMADA,Situação de emergência,INTERNA,INCENDIO,48.0,346.07,6.27,951.0,4733.01
NAO PROGRAMADA,Origem externa ao sistema de distribuição,INTERNA,NAO IDENTIFICADA,46.0,10.67,0.32,93149.0,15249.54
NAO PROGRAMADA,Não houve expurgo,INTERNA,FURTO OU ROUBO,46.0,79.85,1.71,85.0,127.95
NAO PROGRAMADA,Não houve expurgo,INTERNA,SERVICO MAL EXCUTADO,46.0,64.5,1.33,748.0,519.73
NAO PROGRAMADA,Não houve expurgo,INTERNA,EQUIPAMENTO DE PROTECAO DESLIGADO,46.0,72.58,1.17,61861.0,52707.55
NAO PROGRAMADA,Ocorrência em dia crítico,INTERNA,QUEIMA OU INCENCIO,45.0,427.85,11.18,6870.0,6860.19
PROGRAMADA,Não houve expurgo,DISTRIBUICAO,REDE SECUNDARIA,45.0,153.83,3.62,16582.0,62709.61
NAO PROGRAMADA,Ocorrência em dia crítico,INTERNA,INT. N. P. 4 VENTO,45.0,410.18,7.32,1854.0,10315.14
NAO PROGRAMADA,Falha nas instalações da unidade consumidora sem afetar terceiros,INTERNA,EMPRESAS DE SERVICOS PUBLICOS OU SUAS CONTRATADAS,44.0,160.28,4.21,46.0,184.88
NAO PROGRAMADA,Não houve expurgo,EXTERNA,DESCARGA ATMOSFERICA,44.0,10.02,0.18,22406.0,5502.85
NAO PROGRAMADA,Não houve expurgo,INTERNA,FALHA OPERACIONAL SERVICO MAL EXECUTADO,43.0,45.87,1.02,1173.0,1656.38
PROGRAMADA,Não houve expurgo,INTERNA,INT. P. 2 CORRETIVA,43.0,67.38,1.45,2871.0,5558.63
NAO PROGRAMADA,Não houve expurgo,INTERNA,MATERIAL,43.0,134.1,3.3,22989.0,56026.7
NAO PROGRAMADA,Situação de emergência,INTERNA,OBJETO SOBRE A REDE,43.0,401.72,8.47,8357.0,24572.24
NAO PROGRAMADA,Não houve expurgo,INTERNA,PONTO QUENTE,42.0,49.05,0.73,30134.0,14414.29
NAO PROGRAMADA,Origem externa ao sistema de distribuição,EXTERNA,EXT.N PROG. 4 FALHA DE MATERIAL OU EQUIPAMENTO,42.0,124.82,2.8,11965.0,23996.51
NAO PROGRAMADA,Não houve expurgo,INTERNA,TRAFO QUEIMADO,41.0,223.02,5.27,8046.0,9281.96
NAO PROGRAMADA,Suspensão por inadimplemento ou deficiência técnica/segurança da UC,INTERNA,ROUBO,41.0,71.57,2.14,3113.0,3013.33
NAO PROGRAMADA,Não houve expurgo,INTERNA,INT. N. P. 6 EMPRESAS DE SERVICO PUBLICO OU SUAS CONTRATADAS,41.0,68.22,1.59,114.0,200.37
NAO PROGRAMADA,Origem externa ao sistema de distribuição,EXTERNA,EXTERNA NAO PROGRAMADA,41.0,18.37,0.46,160167.0,30565.0
PROGRAMADA,Ocorrência em dia crítico,EXTERNA,ATUACAO DE SISTEMA ESPECIAL DE PROTECAO (SEP)MA,40.0,16.02,0.42,180311.0,67889.57
PROGRAMADA,Situação de emergência,INTERNA,FALHA DE MATERIAL OU EQUIPAMENTO,40.0,153.25,6.4,40.0,153.25
NAO PROGRAMADA,Não houve expurgo,INTERNA,JUMPER DE ENTRADA AVARIADO,39.0,100.48,2.51,1494.0,2585.92
NAO PROGRAMADA,Ocorrência em dia crítico,INTERNA,EMPRESA DE SERVICOS PUBLICOS OU SUAS CONTRATADAS,39.0,276.75,7.21,394.0,1852.37
NAO PROGRAMADA,Não houve expurgo,INTERNA,INVERSAO DE FASES,39.0,64.05,1.69,6771.0,4284.24
NAO PROGRAMADA,Não houve expurgo,DISTRIBUICAO,PARA,38.0,169.05,3.67,13275.0,25402.96
NAO PROGRAMADA,Situação de emergência,INTERNO,NAO IDENTIFICADA,38.0,378.72,8.88,40030.0,64506.16
PROGRAMADA,Situação de emergência,INTERNA,CORRETIVA,38.0,150.13,4.65,9184.0,4217.54
NAO PROGRAMADA,Origem externa ao sistema de distribuição,EXTERNA,EXT.N PROG. CASO FORTUITO OU FORCA MAIOR (TEMPORAL),37.0,784.88,21.63,12858.0,87163.32
NAO PROGRAMADA,Obra de interesse exclusivo do consumidor,INTERNA,DESLIGAMENTO POR SEGURANCA,37.0,328.78,8.75,112.0,3155.56
NAO PROGRAMADA,Não houve expurgo,INTERNA,ARVORE SOBRE A REDE,37.0,99.72,2.48,10424.0,37055.47
NAO PROGRAMADA,Situação de emergência,INTERNA,ERRO DE OPERACAO,37.0,274.47,12.72,21904.0,4356.79
NAO PROGRAMADA,Não houve expurgo,PRODUCAO,MEIO AMBIENTE ANIMAL,36.0,62.72,1.96,39006.0,31413.25
NAO PROGRAMADA,Não houve expurgo,PRODUCAO,NAO IDENTIFICADA,36.0,21.95,0.71,93801.0,66700.93
NAO PROGRAMADA,Ocorrência em dia crítico,EXTERNA,ATUACAO DE SISTEMA ESPECIAL DE PROTECAO (SEP),36.0,150.0,4.7,64.0,229.63
NAO PROGRAMADA,Origem externa ao sistema de distribuição,EXTERNA,SOBRECARGA,35.0,6.75,0.27,29945.0,6356.26
PROGRAMADA,Origem externa ao sistema de distribuição,EXTERNA,NAO CLASSIFICADA,35.0,53.78,2.37,155522.0,546116.43
NAO PROGRAMADA,Origem externa ao sistema de distribuição,EXTERNO,NAO IDENTIFICADA,35.0,27.6,1.7,103436.0,48674.16
NAO PROGRAMADA,Não houve expurgo,INTERNA,FORA DE PRUMO,34.0,91.85,2.89,8017.0,7469.18
NAO PROGRAMADA,Ocorrência em dia crítico,INTERNA,INT. N. P. 3 DESLIGAMENTO PARA MANUTENCAO EMERGENCIAL,34.0,25.72,0.81,2753.0,1711.08
PROGRAMADA,Situação de emergência,INTERNA,VENTO,34.0,127.07,4.07,2590.0,297.55
PROGRAMADA,Não houve expurgo,INTERNA,MANUTENCAO CORRETIVA,33.0,83.78,2.29,20194.0,19617.76
NAO PROGRAMADA,Origem externa ao sistema de distribuição,EXTERNA,DESCARGA ATMOSFERICA,33.0,51.9,1.85,40252.0,42855.48
NAO PROGRAMADA,Falha nas instalações da unidade consumidora sem afetar terceiros,INTERNA,INTERFERENCIA DE TERCEIROS,33.0,269.67,14.94,1222.0,1300.85
NAO PROGRAMADA,Não houve expurgo,EXTERNA,SUPRIMENTO COPEL,32.0,99.07,2.91,61853.0,37319.69
PROGRAMADA,Ocorrência em dia crítico,INTERNA,ACIDENTE,32.0,29.93,2.29,36414.0,29439.88
NAO PROGRAMADA,Suspensão por inadimplemento ou deficiência técnica/segurança da UC,INTERNO,NAO CLASSIFICADA,32.0,221.95,7.09,248.0,4819.14
NAO PROGRAMADA,Falha nas instalações da unidade consumidora sem afetar terceiros,EXTERNA,NAO CLASSIFICADA,31.0,32.4,1.12,91.0,141.33
NAO PROGRAMADA,Origem externa ao sistema de distribuição,EXTERNA,ANIMAIS,31.0,10.48,0.32,52681.0,15190.5
NAO PROGRAMADA,Não houve expurgo,INTERNA,INT. N. P. 2 SERVICO MAL EXECUTADO,31.0,75.73,2.63,1270.0,682.64
NAO PROGRAMADA,Obra de interesse exclusivo do consumidor,INTERNA,TERCEIROS,31.0,30.93,0.96,32.0,32.98
NAO PROGRAMADA,Não houve expurgo,INTERNA,TERCEIRO,31.0,205.27,6.65,1436.0,5439.15
NAO PROGRAMADA,Não houve expurgo,EXTERNA,MANUTENCAO PREVENTIVA,31.0,37.67,1.27,11894.0,15455.18
PROGRAMADA,Não houve expurgo,INTERNA,CORROSAO,31.0,357.63,18.52,505.0,5499.38
NAO PROGRAMADA,Suspensão por inadimplemento ou deficiência técnica/segurança da UC,INTERNA,QUEIMA OU INCENDIO,30.0,83.52,4.25,335.0,494.09
PROGRAMADA,Não houve expurgo,INTERNA,EQUIPAMENTOS,30.0,61.97,2.85,17309.0,4212.82
PROGRAMADA,Não houve expurgo,DISTRIBUICAO,EQUIPAMENTOS,30.0,83.57,2.91,29457.0,103819.54
NAO PROGRAMADA,Não houve expurgo,EXTERNA,ALTERACAO PARA MELHORIA,29.0,42.65,1.64,1412.0,1992.85
PROGRAMADA,Ocorrência em dia crítico,INTERNA,QUEIMA OU INCENDIO,29.0,182.43,5.07,4452.0,11201.65
PROGRAMADA,Origem externa ao sistema de distribuição,EXTERNA,PARA MELHORIA,29.0,144.62,4.48,35719.0,171070.52
PROGRAMADA,Suspensão por inadimplemento ou deficiência técnica/segurança da UC,INTERNA,DESLIGAMENTO PARA MANUTENCAO EMERGENCIAL,29.0,107.53,3.86,209.0,213.12
NAO PROGRAMADA,Origem externa ao sistema de distribuição,OUTROS,PROPRIAS DO SISTEMA,29.0,64.73,1.6,17649.0,22351.55
NAO PROGRAMADA,Origem externa ao sistema de distribuição,EXTERNO,QUEIMADA OU INCENDIO,29.0,48.42,6.4,77190.0,12594.95
PROGRAMADA,Ocorrência em dia crítico,INTERNA,EROSAO,28.0,363.02,12.96,33795.0,148130.53
NAO PROGRAMADA,Ocorrência em dia crítico,INTERNA,INT. N. P. 6 INUNDACAO,28.0,468.25,13.86,437.0,16139.72
NAO PROGRAMADA,Não houve expurgo,INTERNA,LIGACAO ERRADA,28.0,69.12,2.45,28.0,69.12
NAO PROGRAMADA,Situação de emergência,INTERNA,LIGACAO CLANDESTINA,27.0,450.12,17.77,1208.0,8375.27
PROGRAMADA,Falha nas instalações da unidade consumidora sem afetar terceiros,EXTERNA,DESLIGAMENTO SOLICITADO PELO CONSUMIDOR,27.0,150.13,5.65,145.0,597.43
NAO PROGRAMADA,Não houve expurgo,NAO CLASSIFICADA,MANUT,27.0,28.83,7.1,242.0,125.88
NAO PROGRAMADA,Situação de emergência,INTERNA,EMPRESA DE SERVICO PUBLICO OU SUAS CONTRATADAS,27.0,502.45,20.16,596.0,3680.2
PROGRAMADA,Origem externa ao sistema de distribuição,OUTROS,MANUTENCAO,26.0,66.82,3.46,9014.0,12459.8
NAO PROGRAMADA,Falha nas instalações da unidade consumidora sem afetar terceiros,INTERNA,DESLIG PARA MANUT EMERGENCIAL,26.0,6720.05,259.79,4311.0,38649.09
NAO PROGRAMADA,Ocorrência em dia crítico,INTERNA,FALHA OPERACIONAL,26.0,124.67,7.68,7458.0,2048.39
PROGRAMADA,Não houve expurgo,INTERNA,PROPRIAS DO SISTEMA,26.0,22.63,0.75,6992.0,1097.09
PROGRAMADA,Falha nas instalações da unidade consumidora sem afetar terceiros,INTERNA,PARA AMPLIACAO,26.0,2659.52,125.34,886.0,3821.89
NAO PROGRAMADA,Origem externa ao sistema de distribuição,EXTERNA,EXT.N PROG. 4 VENTO,25.0,306.68,10.08,6085.0,27022.09
NAO PROGRAMADA,Não houve expurgo,INTERNA,ISOLADOR AVARIADO,25.0,60.45,2.41,1348.0,3495.72
PROGRAMADA,Ocorrência em dia crítico,INTERNA,VANDALISMO,25.0,143.63,6.96,1271.0,5609.98
NAO PROGRAMADA,Não houve expurgo,INTERNA,DESCARGA ATMOSFERICA SEM AVARIA DE MATERIAL,25.0,76.43,3.24,1312.0,3896.64
NAO PROGRAMADA,Não houve expurgo,INTERNA,SECCIONADORA AVARIADA (ESPECIFICAR ),25.0,46.67,2.01,21953.0,22512.69
PROGRAMADA,Origem externa ao sistema de distribuição,INTERNA,PREVENTIVA,25.0,51.83,1.55,153826.0,22317.98
NAO PROGRAMADA,Situação de emergência,INTERNO,INTERFERENCIA DE TERCEIROS,24.0,558.83,6.57,31349.0,658789.18
PROGRAMADA,Não houve expurgo,INTERNO,MELHORIA,24.0,194.42,8.4,2367.0,11133.95
NAO PROGRAMADA,Esquema de alívio de carga solicitado pelo ONS,INTERNA,ATUA SIST ESPEDIAL PROT(SEP),24.0,7.67,0.24,54686.0,11399.57
NAO PROGRAMADA,Origem externa ao sistema de distribuição,INTERNA,VENTO,24.0,98.0,3.65,34614.0,16335.13
NAO PROGRAMADA,Ocorrência em dia crítico,INTERNA,ATUACAO DO SISTEMA ESPECIAL DE PROTECAO (SEP),24.0,0.12,0.0,72429.0,260.22
PROGRAMADA,Obra de interesse exclusivo do consumidor,INTERNO,MELHORIA,23.0,267.88,11.65,389.0,2594.49
NAO PROGRAMADA,Situação de emergência,INTERNA,EMPRESAS DE SERVICOS PUBLICOS OU SUAS CONTRATADAS,23.0,111.37,8.91,17109.0,6161.24
PROGRAMADA,Não houve expurgo,EXTERNA,GERACAO,23.0,17.78,0.7,57042.0,45680.29
PROGRAMADA,Não houve expurgo,INTERNA,ALTERACAO PARA AMPLIACAO,23.0,70.52,3.13,2626.0,9089.25
NAO PROGRAMADA,Falha nas instalações da unidade consumidora sem afetar terceiros,INTERNA,ERRO DE OPERACAO,23.0,51.32,2.85,27.0,80.07
NAO PROGRAMADA,Não houve expurgo,INTERNA,PRODUCAO FALHA DE EQUIPAMENTO,22.0,14.12,0.55,81941.0,37332.16
NAO PROGRAMADA,Não houve expurgo,INTERNA,INT. N. P. 6 INUNDACAO,22.0,49.22,4.08,462.0,1685.3
NAO PROGRAMADA,Origem externa ao sistema de distribuição,EXTERNA,FALTA TENSAO DA SUPRIDORA NAO PROGRAMADA,22.0,23.1,1.06,87884.0,78725.21
NAO PROGRAMADA,Ocorrência em dia crítico,INTERNA,DEFEITO INTERNO NAO AFETANDO OUTRAS UNIDADES CONSUMIDORES,22.0,38.98,1.68,22.0,38.98
NAO PROGRAMADA,Não houve expurgo,INTERNA,CRUZETA AVARIADA,22.0,37.85,1.64,14386.0,11481.99
NAO PROGRAMADA,Origem externa ao sistema de distribuição,EXTERNA,ATUACAO DE SISTEMA ESPECIAL DE PROTECAO (SEP) EXTERNA,22.0,6.25,0.22,135514.0,14962.09
NAO PROGRAMADA,Não houve expurgo,INTERNA,ISOLADOR DE DISCO AVARIADO,22.0,31.55,2.03,15956.0,20559.03
PROGRAMADA,Não houve expurgo,INTERNA,INT. P. 4 INTERESSE UC,21.0,53.7,2.82,109.0,264.18
NAO PROGRAMADA,Não houve expurgo,INTERNA,PRODUCAO SOBRECARGA,21.0,45.58,2.09,35511.0,86127.78
NAO PROGRAMADA,Origem externa ao sistema de distribuição,EXTERNA,MANUTENCAO PREVENTIVA,21.0,30.0,1.69,1916.0,2831.68
NAO PROGRAMADA,Não houve expurgo,INTERNA,DESCARGA ATMOSFERICA COM AVARIA DE MATERIAL,21.0,44.27,2.07,664.0,1026.77
NAO PROGRAMADA,Não houve expurgo,TRANSFORMADOR,SOBRECARREGADO,20.0,71.58,4.18,2732.0,8047.69
PROGRAMADA,Ocorrência em dia crítico,INTERNA,ERRO DE OPERACAO,20.0,70.63,4.43,8063.0,12090.66
NAO PROGRAMADA,Não houve expurgo,REDE PRIMARIA,SOBRECARGA,20.0,75.73,4.65,3005.0,5573.22
NAO PROGRAMADA,Não houve expurgo,INTERNA,RELIGADOR AVARIADO ( ESPECIFICAR ),19.0,54.0,1.53,10046.0,11934.15
NAO PROGRAMADA,Não houve expurgo,INTERNA,EMPRESAS DE S. PUBLICOS OU SUAS CONTRATA,19.0,26.15,1.49,5869.0,4827.87
NAO PROGRAMADA,Não houve expurgo,INTERNA,VEGETACAO SOBRE O RAMAL,19.0,58.15,2.77,2081.0,6595.66
PROGRAMADA,Não houve expurgo,INTERNA,POLUICAO,19.0,103.63,4.79,785.0,2655.8
NAO PROGRAMADA,Não houve expurgo,INTERNA,FALHA EM EQUIPAMENTO,19.0,18.05,0.97,17676.0,15180.57
PROGRAMADA,Não houve expurgo,INTERNA,NAO PROGRAMADA,19.0,31.8,1.64,377.0,834.75
NAO PROGRAMADA,Não houve expurgo,INTERNA,"OBJETO NA REDE(PIPA,BOLA,PLACAS, METAIS...)",19.0,24.52,1.34,974.0,1136.77
NAO PROGRAMADA,Ocorrência em dia crítico,INTERNA,PROGRAMADA,18.0,87.93,5.02,297.0,654.67
NAO PROGRAMADA,Ocorrência em dia crítico,INTERNA,NAO CLASSIFICADA INTERNA,18.0,146.75,7.65,535.0,4226.19
NAO PROGRAMADA,Não houve expurgo,ANIMAIS,NAO INFORMADO,18.0,9.5,0.49,139.0,52.97
PROGRAMADA,Não houve expurgo,INTERNA,GERACAO,18.0,39.78,1.12,20907.0,42325.51
NAO PROGRAMADA,Não houve expurgo,DISTRIBUICAO,SECCIONADOR,18.0,91.3,5.42,3095.0,10895.31
NAO PROGRAMADA,Não houve expurgo,INTERNA,ATUACAO DO SISTEMA ESPECIAL DE PROTECAO,17.0,1.5,0.06,47831.0,3442.39
NAO PROGRAMADA,Não houve expurgo,EXTERNO,PARA AMPLIACAO,17.0,5.83,0.23,39648.0,14382.87
NAO PROGRAMADA,Situação de emergência,INTERNA,SUBTENSAO,17.0,151.03,6.54,522.0,3323.38
NAO PROGRAMADA,Não houve expurgo,INTERNA,RAMAL DE SERVICOS OUTROS,16.0,29.68,1.87,16.0,29.68
PROGRAMADA,Suspensão por inadimplemento ou deficiência técnica/segurança da UC,INTERNA,NAO CLASSIFICADA,16.0,21.28,1.41,16.0,24.18
NAO PROGRAMADA,Não houve expurgo,INTERNA,TRASNFORMADOR QUEIMADO,16.0,104.08,6.42,26.0,161.97
PROGRAMADA,Obra de interesse exclusivo do consumidor,INTERNA,INTERFERENCIA DE TERCEIROS,16.0,71.02,4.9,15.0,64.73
NAO PROGRAMADA,Situação de emergência,INTERNA,INT. N. P. 3 ARVORE OU VEGETACAO,16.0,54.67,2.98,4731.0,7378.2
NAO PROGRAMADA,Não houve expurgo,OUTROS,MEIO AMBIENTE,16.0,8.45,1.27,7739.0,3680.59
NAO PROGRAMADA,Não houve expurgo,INTERNA,EMPRESAS DE SERVICOS PUBLICOS OUTRAS UNIDADES CONSUMIDORAS,16.0,48.67,3.62,5859.0,2370.22
NAO PROGRAMADA,Falha nas instalações da unidade consumidora sem afetar terceiros,INTERNA,QUEIMA OU INCENCIO,16.0,40.58,2.54,18.0,49.53
PROGRAMADA,Não houve expurgo,DISTRIBUICAO,ALIVIO DE CARGA,16.0,63.75,3.41,1170.0,2907.9
NAO PROGRAMADA,Não houve expurgo,INTERNA,POSTE FORA DE PRUMO,15.0,35.5,2.21,4153.0,2381.66
NAO PROGRAMADA,Não houve expurgo,INTERNA,RELIGADOR OUTROS,15.0,25.2,1.08,7890.0,4372.29
NAO PROGRAMADA,Não houve expurgo,INTERNA,PRODUCAO TENSAO BAIXA,15.0,14.77,0.72,9997.0,9035.33
NAO PROGRAMADA,Não houve expurgo,TRANSFORMADOR,GRAMPO DE LINHA VIVA DANIFICADO,15.0,115.92,7.82,1622.0,10641.64
NAO PROGRAMADA,Ocorrência em dia crítico,INTERNA,NAO CLASSIFICADA (INTERNA),15.0,46.35,2.87,385.0,1892.53
PROGRAMADA,Origem externa ao sistema de distribuição,EXTERNA,SUPRIMENTO COPEL,15.0,62.92,5.27,32665.0,100610.72
NAO PROGRAMADA,Origem externa ao sistema de distribuição,INTERNA,CORRETIVA,15.0,41.28,4.01,40934.0,159262.38
PROGRAMADA,Não houve expurgo,INTERNA,PARA AMPLIACAO DE CIRCUITOS,14.0,28.58,2.03,484.0,898.03
PROGRAMADA,Não houve expurgo,OUTROS,ALTERACAO,14.0,36.15,1.67,5291.0,7014.68
NAO PROGRAMADA,Não houve expurgo,INTERNA,ATUACAO DE SISTEMA DE PROTECAO(SEP),14.0,10.13,0.88,12107.0,10560.88
NAO PROGRAMADA,Ocorrência em dia crítico,EXTERNA,ATUACAO DE SISTEMA DE PROTECAO(SEP),14.0,25.22,1.87,15220.0,26840.42
PROGRAMADA,Não houve expurgo,PRODUCAO,GERACAO,14.0,32.25,2.46,39724.0,100641.44
NAO PROGRAMADA,Não houve expurgo,INTERNA,CURTO CIRCUITO NA BUCHA PRIMARIA,14.0,24.17,1.53,2881.0,3942.0
NAO PROGRAMADA,Ocorrência em dia crítico,INTERNO,DEFEITO INTERNO NAO AFETANDO OUTRAS UNIDADES CONSU,14.0,238.43,17.5,14.0,238.43
NAO PROGRAMADA,Não houve expurgo,INTERNA,INT. P. 1 PARA MELHORIA,14.0,8.68,0.58,1352.0,149.38
NAO PROGRAMADA,Situação de emergência,INTERNA,EMERGENCIA,14.0,408.93,22.79,13369.0,243854.03
PROGRAMADA,Situação de emergência,INTERNA,PARA AMPLIACAO,14.0,113.43,9.16,762.0,4574.41
NAO PROGRAMADA,Ocorrência em dia crítico,NAO INFORMADO,NAO INFORMADO,14.0,222.18,17.05,5665.0,8450.4
NAO PROGRAMADA,Origem externa ao sistema de distribuição,INTERNA,DESLIGAMENTO POR SEGURANCA,13.0,27.37,1.89,38783.0,9184.38
NAO PROGRAMADA,Origem externa ao sistema de distribuição,EXTERNA,EXT.N PROG. 3 DESLIGAMENTO PARA MANUTENCAO EMERGENCIAL,13.0,25.45,1.99,3049.0,1551.67
NAO PROGRAMADA,Não houve expurgo,TRANSFORMADOR,BUCHA PRIMARIO AVARIADO,13.0,44.2,2.46,442.0,1934.92
NAO PROGRAMADA,Não houve expurgo,INTERNA,ENCONTRADO AJUSTADO PARA 01 OPERACAO,13.0,25.25,1.77,7613.0,20128.08
PROGRAMADA,Ocorrência em dia crítico,INTERNA,NAO CLASSIFICADAADA,13.0,108.58,11.12,198.0,2108.02
PROGRAMADA,Obra de interesse exclusivo do consumidor,INTERNA,NAO IDENTIFICADA,13.0,64.65,4.97,13.0,64.65
NAO PROGRAMADA,Situação de emergência,INTERNO,ABALROAMENTO,13.0,422.92,18.61,6590.0,51394.62
NAO PROGRAMADA,Não houve expurgo,INTERNA,EMPRESAS DE SERVICO PUBLICO OU SEUAS CONTRATADAS,13.0,16.18,1.16,222.0,354.88
NAO PROGRAMADA,Não houve expurgo,PRODUCAO,DESCARGA ATMOSFERICA,13.0,10.32,1.05,9874.0,8935.79
NAO PROGRAMADA,Não houve expurgo,INTERNA,TRAFO SOBRECARREGADO,12.0,27.5,2.29,731.0,1558.79
NAO PROGRAMADA,Não houve expurgo,INTERNA,FALHA NA INSTALACAO PARTICULAR,12.0,44.62,3.73,1570.0,6139.68
NAO PROGRAMADA,Não houve expurgo,INTERNA,PRODUCAO DESCARGA ATMOSFERICA,11.0,1.93,0.17,29402.0,4820.95
NAO PROGRAMADA,Esquema de alívio de carga solicitado pelo ONS,INTERNA,RACIONAMENTO OU ALIVIO DE CARGA,11.0,2.72,0.25,11429.0,2398.66
NAO PROGRAMADA,Não houve expurgo,INTERNA,EMPRESAS DE SERVICOS PUBLICOS OU SUAS CO,11.0,16.82,1.67,296.0,515.05
NAO PROGRAMADA,Falha nas instalações da unidade consumidora sem afetar terceiros,INTERNA,NAO CLASSIFICADA (INTERNA),11.0,8.78,0.82,11.0,8.78
PROGRAMADA,Não houve expurgo,INTERNA,SERVICO SOLICITADO TERCEIROS,11.0,49.95,4.74,22.0,111.32
NAO PROGRAMADA,Situação de emergência,INTERNO,NAO CLASSIFICADA,11.0,120.87,12.34,1999.0,4648.91
NAO PROGRAMADA,Não houve expurgo,INTERNA,AMARRACAO SOLTA,11.0,9.97,0.99,10199.0,5601.02
NAO PROGRAMADA,Não houve expurgo,INTERNA,INT. N. P. 4 VANDALISMO,11.0,17.27,2.17,1848.0,1293.48
NAO PROGRAMADA,Não houve expurgo,INTERNA,CABO MULTIPLEXADO AVARIADO,11.0,21.05,2.11,14278.0,17361.6
PROGRAMADA,Situação de emergência,INTERNA,PREVENTIVA,11.0,87.83,7.98,471.0,1771.08
NAO PROGRAMADA,Ocorrência em dia crítico,INTERNA,DEFEITO CLIENTES AFET OUTROS,11.0,34.73,3.46,2248.0,2501.93
NAO PROGRAMADA,Não houve expurgo,INTERNA,EQUIPAMENTOS,11.0,29.92,2.14,787.0,1488.96
NAO PROGRAMADA,Não houve expurgo,INTERNO,DEFEITO INTERNO NAO AFETANDO OUTRAS UNIDADES CONSU,10.0,184.35,16.81,10.0,184.35
PROGRAMADA,Não houve expurgo,NAO INFORMADO,NAO INFORMADO,10.0,7.08,1.17,28433.0,697.98
NAO PROGRAMADA,Ocorrência em dia crítico,INTERNA,PARA AMPLIAO,10.0,34.95,3.81,1601.0,3598.67
NAO PROGRAMADA,Origem externa ao sistema de distribuição,EXTERNA,EXT.N PROG. 2 DESCARGA ATMOSFERICA,10.0,20.87,2.06,1848.0,3811.06
NAO PROGRAMADA,Não houve expurgo,REDE PRIMARIA,CABO MULTIPLEXADO AVARIADO,10.0,118.82,8.78,1443.0,7953.25
NAO PROGRAMADA,Situação de emergência,INTERNA,INT. N. P. 1 NAO IDENTIFICADA,9.0,25.78,2.77,1176.0,2416.92
PROGRAMADA,Obra de interesse exclusivo do consumidor,INTERNA,DESCARGA ATMOSFERICA,9.0,56.38,6.26,9.0,56.38
NAO PROGRAMADA,Não houve expurgo,INTERNA,MELHORIA EM EQUIPAMENTOS,9.0,11.22,1.21,11098.0,14418.31
PROGRAMADA,Não houve expurgo,INTERNA,LT 69KV,9.0,1.5,0.17,6570.0,556.4
NAO PROGRAMADA,Não houve expurgo,EXTERNA,INTERRUPCAO NAO PROGRAMADA E NAO CLASSIFICADA,9.0,1.98,0.22,34243.0,7153.44
NAO PROGRAMADA,Não houve expurgo,INTERNA,TERCEIROS CONTRATADO PELO CLIENTE,9.0,14.5,1.99,243.0,313.46
NAO PROGRAMADA,Obra de interesse exclusivo do consumidor,INTERNA,PROGRAMADA,9.0,57.25,6.36,336.0,1982.87
PROGRAMADA,Não houve expurgo,INTERNA,INUNDACAO,9.0,51.92,7.28,4301.0,8533.46
PROGRAMADA,Situação de emergência,INTERNA,INUNDACAO,9.0,34.33,3.81,2605.0,7188.81
NAO PROGRAMADA,Não houve expurgo,EXTERNA,ALTERACAO PARA AMPLIACAO,9.0,16.32,2.03,484.0,713.86
NAO PROGRAMADA,Não houve expurgo,DISTRIBUICAO,CLIENTES,9.0,36.37,4.24,9.0,36.37
NAO PROGRAMADA,Falha nas instalações da unidade consumidora sem afetar terceiros,INTERNA,INUNDACAO,9.0,2391.77,242.03,57.0,2463.77
NAO PROGRAMADA,Não houve expurgo,EXTERNA,ATUACAO DE SISTEMA DE PROTECAO(SEP),9.0,13.1,1.12,22404.0,24826.4
NAO PROGRAMADA,Não houve expurgo,INTERNA,EMPRESAS DE SERVICOS PUBLICOS OU DE SUA CONTRATADA,9.0,8.65,0.99,9752.0,3737.19
NAO PROGRAMADA,Não houve expurgo,INTERNA,CHAVE SECCIONADORA OUTROS,9.0,16.77,2.58,3643.0,2270.46
NAO PROGRAMADA,Não houve expurgo,INTERNA,INT. N. P. 5 ROUBO,8.0,32.87,4.55,10.0,60.07
NAO PROGRAMADA,Não houve expurgo,REDE PRIMARIA,ISOLADO TRAFO,8.0,44.13,4.2,368.0,1176.81
NAO PROGRAMADA,Não houve expurgo,INTERNA,INT. N. P. 5 QUEIMA OU INCENCIA,8.0,15.23,1.9,44.0,74.83
NAO PROGRAMADA,Não houve expurgo,INTERNA,NAO PROGRAMADA LINHA,8.0,1.05,0.13,15854.0,2110.02
NAO PROGRAMADA,Não houve expurgo,INTERNA,TRANSMISSAO,8.0,1.38,0.16,12649.0,2228.48
NAO PROGRAMADA,Não houve expurgo,DISTRIBUICAO,DISJUNTOR,8.0,18.8,2.41,5693.0,2387.07
NAO PROGRAMADA,Ocorrência em dia crítico,INTERNA,DEFEITO CLIENTE AFETANDO OUTRO,8.0,42.82,3.76,93.0,282.3
NAO PROGRAMADA,Ocorrência em dia crítico,INTERNA,ACIDENTE (TERCEIROS),8.0,8.62,0.94,2941.0,3698.04
NAO PROGRAMADA,Falha nas instalações da unidade consumidora sem afetar terceiros,INTERNA,FALHA OPERACIONAL,8.0,18.43,2.3,9.0,21.25
NAO PROGRAMADA,Origem externa ao sistema de distribuição,EXTERNA,ACIDENTE,8.0,5.67,0.44,2342.0,312.71
PROGRAMADA,Ocorrência em dia crítico,INTERNA,INT. P. 1 PREVENTIVA,8.0,5.03,0.63,1790.0,493.95
NAO PROGRAMADA,Não houve expurgo,INTERNA,RAIO COM VAZAMENTO,8.0,17.55,2.56,4706.0,12551.54
NAO PROGRAMADA,Não houve expurgo,PRODUCAO,FALHA DE PROTECAO,7.0,10.05,1.14,9310.0,28708.04
PROGRAMADA,Origem externa ao sistema de distribuição,EXTERNA,PARA AMPLIACAO,7.0,17.33,3.31,8270.0,22929.7
NAO PROGRAMADA,Suspensão por inadimplemento ou deficiência técnica/segurança da UC,INTERNA,PREVENTIVA,7.0,16.83,2.92,56.0,84.47
NAO PROGRAMADA,Origem externa ao sistema de distribuição,EXTERNA,INTERRUPCAO EMERGENCIAL DO SUPRIMENTO,7.0,0.77,0.11,11699.0,1287.67
NAO PROGRAMADA,Não houve expurgo,TRANSFORMADOR,COM VAZAMENTO,7.0,24.23,2.53,259.0,645.66
NAO PROGRAMADA,Ocorrência em dia crítico,INTERNA,INT. N. P. 1 DEFEITO CLIENTE AFETANDO OUTROS,7.0,17.8,2.79,12.0,30.95
NAO PROGRAMADA,Situação de emergência,INTERNA,DEFEITO CLIENTES AFET OUTROS,7.0,114.03,18.42,631.0,4394.48
NAO PROGRAMADA,Não houve expurgo,PRODUCAO,FALHA EM EQUIPAMENTO,7.0,6.85,0.83,5302.0,4742.19
NAO PROGRAMADA,Esquema de alívio de carga solicitado pelo ONS,INTERNA,INT. N. P. ALIVIO DE CARGA,7.0,0.43,0.04,2711.0,219.25
NAO PROGRAMADA,Não houve expurgo,EXTERNA,SERVICO MAL EXECUTADO,7.0,0.47,0.07,1846.0,123.13
NAO PROGRAMADA,Não houve expurgo,INTERNA,EMENDA PREFORMADA ROMPIDA,7.0,11.12,1.51,4581.0,6422.37
NAO PROGRAMADA,Situação de emergência,INTERNO,DEFEITO CLIENTE AFETANDO OUTROS,7.0,56.98,13.09,3037.0,3785.66
NAO PROGRAMADA,Origem externa ao sistema de distribuição,EXTERNA,CORROSAO,7.0,2.18,0.31,1872.0,530.54
NAO PROGRAMADA,Ocorrência em dia crítico,EXTERNA,SUPRIMENTO COPEL,7.0,10.5,2.09,22934.0,17786.54
NAO PROGRAMADA,Suspensão por inadimplemento ou deficiência técnica/segurança da UC,INTERNA,EROSAO,7.0,34.87,5.63,85.0,134.58
NAO PROGRAMADA,Não houve expurgo,OUTROS,TERCEIROS,7.0,14.05,1.84,3364.0,9321.53
NAO PROGRAMADA,Ocorrência em dia crítico,EXTERNA,NAO CLASSIFICADA EXTERNA ( EDP 138,7.0,3.62,0.52,51868.0,10118.62
PROGRAMADA,Obra de interesse exclusivo do consumidor,INTERNA,ARVORE OU VEGETACAO,7.0,51.23,8.17,12.0,69.4
NAO PROGRAMADA,Não houve expurgo,INTERNA,EMPRESAS DE SERVICOS PUBLICO OU SUAS CONTRATADAS,7.0,10.13,1.45,410.0,331.09
NAO PROGRAMADA,Não houve expurgo,INTERNA,CRUZETA PODRE,7.0,6.1,0.97,9876.0,3050.61
PROGRAMADA,Obra de interesse exclusivo do consumidor,INTERNA,DESLIGAMENTO POR SEGURANCA,7.0,36.78,5.25,7.0,36.78
NAO PROGRAMADA,Não houve expurgo,INTERNA,DEFEITO CLIENTE AFETANDO OS OUTROS,7.0,3.08,0.46,329.0,125.18
NAO PROGRAMADA,Falha nas instalações da unidade consumidora sem afetar terceiros,INTERNA,EROSAO,7.0,166.2,27.7,8.0,292.7
NAO PROGRAMADA,Situação de emergência,INTERNA,MANUTENCAO,7.0,16.23,3.16,2640.0,3517.84
PROGRAMADA,Origem externa ao sistema de distribuição,INTERNA,PARA MELHORIA,7.0,0.42,0.06,13312.0,845.18
NAO PROGRAMADA,Origem externa ao sistema de distribuição,EXTERNA,EXT.N PROG. 2 ABALROAMENTO,7.0,41.78,5.21,29.0,110.25
PROGRAMADA,Ocorrência em dia crítico,INTERNA,DEFEITO INTERNO NAO AFETANDO OUTRAS UNIDADES CONSUMIDORAS,6.0,8.75,1.71,7.0,9.75
NAO PROGRAMADA,Origem externa ao sistema de distribuição,EXTERNA,ALTERACAO PARA AMPLIACAO,6.0,9.8,1.28,215.0,282.37
NAO PROGRAMADA,Não houve expurgo,INTERNA,INT. N. P. NAO CLASSIFICADA,6.0,6.82,1.45,1112.0,54.53
NAO PROGRAMADA,Não houve expurgo,INTERNA,POSTE PODRE,6.0,5.1,0.98,6690.0,1656.3
NAO PROGRAMADA,Não houve expurgo,INTERNA,CRUZETA QUEIMADA,6.0,7.12,1.33,5305.0,4070.42
NAO PROGRAMADA,Não houve expurgo,INTERNA,CAPACITOR AVARIADO ( ESPECIFICAR ),6.0,5.68,0.95,7709.0,6810.47
NAO PROGRAMADA,Ocorrência em dia crítico,EXTERNA,NAO CLASSIFICADA EXTERNA,6.0,1.82,0.36,91419.0,3162.8
NAO PROGRAMADA,Ocorrência em dia crítico,INTERNA,MANUTENCAO CORRETIVA,6.0,28.9,4.83,554.0,1098.62
NAO PROGRAMADA,Não houve expurgo,INTERNA,PRODUCAO FALHA DE TRANSFORMADOR,6.0,5.4,1.3,8935.0,1039.08
NAO PROGRAMADA,Não houve expurgo,EXTERNA,ROUBO,6.0,0.4,0.07,608.0,40.55
NAO PROGRAMADA,Não houve expurgo,INTERNA,GERACAO,6.0,4.72,1.16,6535.0,5881.18
NAO PROGRAMADA,Não houve expurgo,INTERNA,INT. N. P. 8 EROSAO,6.0,14.4,3.12,133.0,610.03
NAO PROGRAMADA,Não houve expurgo,INTERNA,FALHA DE SELETIVIDADE,6.0,5.92,1.15,4588.0,1522.69
NAO PROGRAMADA,Não houve expurgo,INTERNA,RAIO DANIFICADO,6.0,14.47,2.57,218.0,367.15
PROGRAMADA,Não houve expurgo,OUTROS,MANUTENCAO,6.0,16.33,3.88,115.0,690.35
NAO PROGRAMADA,Falha nas instalações da unidade consumidora sem afetar terceiros,INTERNA,DESLIGAMENTO POR SEGURANCA,6.0,22.57,3.76,6.0,22.57
NAO PROGRAMADA,Não houve expurgo,INTERNA,BUCHA PRIMARIA AVARIADA,6.0,19.78,2.95,270.0,791.97
NAO PROGRAMADA,Situação de emergência,INTERNA,INT. N. P. 2 DESCARGA ATMOSFERICA,6.0,4.65,0.78,2672.0,2182.25
NAO PROGRAMADA,Não houve expurgo,INTERNA,MANUTENCAO,6.0,8.98,1.5,2866.0,3587.98
NAO PROGRAMADA,Origem externa ao sistema de distribuição,EXTERNA,FALHA MOMENTANEA (EXTERNA),6.0,0.9,0.1,10691.0,2312.49
NAO PROGRAMADA,Esquema de alívio de carga solicitado pelo ONS,ABALROAMENTO DE POSTE,ABALROAMENTO DE POSTE,5.0,7.63,0.97,2405.0,1815.51
NAO PROGRAMADA,Não houve expurgo,PRODUCAO,CABO PARTIDO,5.0,13.6,2.72,31820.0,81138.4
NAO PROGRAMADA,Origem externa ao sistema de distribuição,INTERNA,NAO CLASSIFICADA,5.0,35.85,7.17,382.0,1084.7
NAO PROGRAMADA,Não houve expurgo,INTERNA,FIO PARTIDO,5.0,6.3,1.26,4815.0,6713.3
NAO PROGRAMADA,Não houve expurgo,EXTERNA,EXTERNA,5.0,12.02,2.98,17835.0,8064.4
NAO PROGRAMADA,Não houve expurgo,INTERNA,PARA RAIO OUTROS,5.0,5.1,1.0,3037.0,3564.98
NAO PROGRAMADA,Não houve expurgo,INTERNA,INT. P. 1 PREVENTIVA,5.0,2.25,0.48,2022.0,72.82
NAO PROGRAMADA,Não houve expurgo,INTERNA,DEFEITO CLIENTES AFETANDO OUTROS,5.0,24.42,4.73,189.0,1016.88
NAO PROGRAMADA,Não houve expurgo,INTERNA,CURTO CIRCUITO NA BUCHA SECUNDARIA,5.0,6.55,1.32,850.0,1166.97
NAO PROGRAMADA,Não houve expurgo,INTERNA,FALHA OPERACIONAL ACIDENTE,5.0,7.8,1.56,68.0,93.05
PROGRAMADA,Obra de interesse exclusivo do consumidor,INTERNA,SOBRECARGA,5.0,42.98,8.6,8.0,55.38
NAO PROGRAMADA,Situação de emergência,INTERNA,FALHA OPERACIONAL,5.0,34.78,4.74,126.0,281.07
NAO PROGRAMADA,Origem externa ao sistema de distribuição,INTERNA,ANIMAIS,5.0,79.18,18.09,133.0,896.25
NAO PROGRAMADA,Origem externa ao sistema de distribuição,EXTERNA,ARVORE OU VEGETACAO,5.0,7.5,1.82,2285.0,1103.03
PROGRAMADA,Falha nas instalações da unidade consumidora sem afetar terceiros,INTERNA,DESLIGAMENTO SOLICITADO PELO CONSUMIDOR,5.0,28.43,5.21,5.0,28.43
NAO PROGRAMADA,Não houve expurgo,INTERNA,CHAVE DE ENTRADA AVARIADA,5.0,10.97,2.25,933.0,1195.04
NAO PROGRAMADA,Obra de interesse exclusivo do consumidor,INTERNA,PARA MELHORIA,5.0,12.87,2.49,12.0,34.98
NAO PROGRAMADA,Origem externa ao sistema de distribuição,EXTERNO,NAO CLASSIFICADA,5.0,181.15,32.58,30.0,777.77
NAO PROGRAMADA,Não houve expurgo,INTERNA,FALHA DE MATERIAL OU EQUIPAMENTOS,5.0,47.32,9.46,445.0,1943.07
NAO PROGRAMADA,Não houve expurgo,INTERNA,ABALROAMENTO DE POSTE SEM AVARIA,5.0,14.82,3.44,151.0,457.15
NAO PROGRAMADA,Origem externa ao sistema de distribuição,EXTERNA,ATUACAO DE SISTEMA DE PROTECAO(SEP),5.0,13.85,2.77,38470.0,106094.7
PROGRAMADA,Obra de interesse exclusivo do consumidor,INTERNA,OBJETO NA REDE,5.0,37.83,7.57,5.0,37.83
NAO PROGRAMADA,Não houve expurgo,INTERNA,QUEDA DE ARVORE SOBRE A REDE,4.0,5.53,1.38,1471.0,1514.88
NAO PROGRAMADA,Situação de emergência,INTERNA,DESLIGAMENTO PARA  MANUTENCAO EMERGENCIAL,4.0,2.23,0.56,293.0,156.48
NAO PROGRAMADA,Situação de emergência,INTERNA,INT. N. P. 4 VENTO,4.0,49.13,12.28,120.0,1597.43
NAO PROGRAMADA,Não houve expurgo,INTERNA,MATERIAL INSTALADO INADEQUADO,4.0,24.28,6.69,684.0,2330.93
NAO PROGRAMADA,Esquema de alívio de carga solicitado pelo ONS,INTER. NAO PROG. DISJUNTOR,OUTROS,4.0,5.98,1.5,484.0,542.99
NAO PROGRAMADA,Origem externa ao sistema de distribuição,INTERNA,FALHA MOMENTANEA (INTERNA),4.0,0.12,0.03,4136.0,126.62
NAO PROGRAMADA,Não houve expurgo,INTERNA,ATUACAO DE SISTEMA ESPECIAL DE PROTECAO (SEP) (INTERNA),4.0,8.0,2.0,291.0,817.06
NAO PROGRAMADA,Ocorrência em dia crítico,INTERNA,EMPRESAS DE SERVICOS PUBLICO OU  SUAS CONTRATADAS,4.0,29.7,9.26,1460.0,2273.07
NAO PROGRAMADA,Não houve expurgo,EXTERNA,ATUACAO DE SISTEMA ESPECIAL DE PROTECAO (SEP) EXTERNA,4.0,0.13,0.03,32378.0,1078.19
NAO PROGRAMADA,Não houve expurgo,INTERNA,INT. P. 2 PARA AMPLIACAO,4.0,5.53,0.94,239.0,32.63
PROGRAMADA,Não houve expurgo,INTERNA,INT. N. P. 3 DESLIGAMENTO PARA MANUTENCAO EMERGENCIAL,4.0,1.68,0.42,1200.0,527.77
PROGRAMADA,Obra de interesse exclusivo do consumidor,INTERNA,SERVICO SOLICITADO TERCEIROS,4.0,16.65,4.16,501.0,2589.12
NAO PROGRAMADA,Esquema de alívio de carga solicitado pelo ONS,INTERNA,PIPA NA REDE,4.0,5.93,1.48,395.0,423.01
PROGRAMADA,Falha nas instalações da unidade consumidora sem afetar terceiros,INTERNA,INT. P. 4 INTERESSE UC,4.0,14.63,3.66,17.0,74.98
NAO PROGRAMADA,Não houve expurgo,INTERNA,INT. P. 2 CORRETIVA,4.0,1.92,0.48,225.0,119.34
NAO PROGRAMADA,Origem externa ao sistema de distribuição,EXTERNA,VENTO,4.0,5.27,1.32,937.0,1233.75
NAO PROGRAMADA,Não houve expurgo,INTERNA,EMPRESAS DE SERVICO PUBLICO OU SUA CONTROLADAS,4.0,26.42,4.62,68.0,82.95
NAO PROGRAMADA,Programa de racionamento instituído pela União,INTERNA,NAO CLASSIFICADA,4.0,0.07,0.02,2086.0,11.27
NAO PROGRAMADA,Origem externa ao sistema de distribuição,EXTERNA,ABALROAMENTO,4.0,0.33,0.08,2346.0,195.42
NAO PROGRAMADA,Não houve expurgo,EXTERNA,EXTERNA CEA,4.0,11.55,2.89,722.0,2125.62
NAO PROGRAMADA,Origem externa ao sistema de distribuição,OUTROS,MEIO AMBIENTE,4.0,26.98,8.92,2481.0,7284.13
NAO PROGRAMADA,Ocorrência em dia crítico,INTERNA,MANUTENCAO PREVENTIVA,4.0,6.98,1.73,11.0,19.25
NAO PROGRAMADA,Origem externa ao sistema de distribuição,EXTERNA,INTERRUPCAO PROVENIENTE DA TRANSMISSORA COMO CASO FORTUITO,4.0,10.62,2.01,2451.0,6290.24
NAO PROGRAMADA,Não houve expurgo,INTERNA,ANIMAL NA REDE SEM CURTO CIRCUITO,4.0,3.03,0.76,135.0,91.05
PROGRAMADA,Não houve expurgo,INTERNA,TRANSMISSAO,4.0,0.23,0.06,2545.0,138.92
NAO PROGRAMADA,Esquema de alívio de carga solicitado pelo ONS,INTERNA,FALHA DE MATERIAL OU EQUIPAMENTO,4.0,5.88,1.47,294.0,54.23
NAO PROGRAMADA,Não houve expurgo,PRODUCAO,OUTROS ESPECIFICAR,4.0,6.88,2.24,53898.0,40698.27
PROGRAMADA,Ocorrência em dia crítico,INTERNO,CORRETIVA,3.0,15.38,5.13,40.0,315.03
PROGRAMADA,Obra de interesse exclusivo do consumidor,INTERNA,DESLIGAMENTO PARA MANUTENCAO EMERGENCIAL,3.0,34.27,11.42,3.0,34.27
PROGRAMADA,Ocorrência em dia crítico,EXTERNA,DESLIGAMENTO SOLICITADO PELO CONSUMIDOR,3.0,43.78,14.59,3.0,43.78
PROGRAMADA,Não houve expurgo,INTERNA,RETORNAR ALIM. A CONFIGURACAO NORMAL,3.0,0.2,0.07,1380.0,92.05
NAO PROGRAMADA,Não houve expurgo,INTERNA,DISJUNTOR AVARIADO ( ESPECIFICAR ),3.0,6.33,2.19,2319.0,4464.87
NAO PROGRAMADA,Origem externa ao sistema de distribuição,EXTERNA,EXT.N PROG. 7 SUBTENSAO (BAIXA),3.0,0.08,0.03,1287.0,35.74
NAO PROGRAMADA,Obra de interesse exclusivo do consumidor,INTERNA,NAO CLASSIFICADA (INTERNA),3.0,21.32,7.11,8.0,70.07
PROGRAMADA,Obra de interesse exclusivo do consumidor,INTERNA,ANIMAIS,3.0,11.73,3.91,3.0,11.73
PROGRAMADA,Não houve expurgo,INTERNA,FALHA MAT OU EQUIPA,3.0,14.12,4.71,210.0,996.36
NAO PROGRAMADA,Esquema de alívio de carga solicitado pelo ONS,INTERNA,NAO IDENTIFICADA,3.0,34.52,11.51,3.0,34.52
NAO PROGRAMADA,Obra de interesse exclusivo do consumidor,PROGRAMADA,DESLIGAMENTO DECORRENTE DE OBRAS DE INTERESSE EXCLUSIVO DO CONSUMIDOR,3.0,14.25,4.86,3.0,14.25
NAO PROGRAMADA,Não houve expurgo,PRODUCAO,FALHA DE CONEXAO,3.0,31.82,8.13,57.0,604.52
NAO PROGRAMADA,Origem externa ao sistema de distribuição,INTERNA,SOBRECARGA,3.0,1.98,0.66,1283.0,90.93
PROGRAMADA,Não houve expurgo,INTERNA,SOBRETENSAO,3.0,1.18,0.34,12.0,2.83
PROGRAMADA,Não houve expurgo,EXTERNA,NAO PROGRAMADA,3.0,0.05,0.02,679.0,11.34
PROGRAMADA,Não houve expurgo,EXTERNO,PREVENTIVA,3.0,6.45,2.15,167.0,359.05
NAO PROGRAMADA,Não houve expurgo,PRODUCAO,TENSAO BAIXA,3.0,0.3,0.1,35478.0,3601.64
PROGRAMADA,Falha nas instalações da unidade consumidora sem afetar terceiros,INTERNA,SERVICO SOLICITADO TERCEIROS,3.0,10.98,3.66,72.0,256.28
NAO PROGRAMADA,Origem externa ao sistema de distribuição,INTERNA,CORROSAO,3.0,35.98,11.99,3.0,35.98
NAO PROGRAMADA,Origem externa ao sistema de distribuição,INTERNA,ACIDENTE,3.0,10.1,3.37,8822.0,23692.97
PROGRAMADA,Não houve expurgo,INTERNA,SERVICO MAL EXECUTADO,3.0,20.02,6.67,19.0,63.75
NAO PROGRAMADA,Ocorrência em dia crítico,INTERNA,INT. N. P. 5 SOBRECARGA,3.0,3.78,1.45,7.0,11.48
NAO PROGRAMADA,Falha nas instalações da unidade consumidora sem afetar terceiros,INTERNA,DEFEITO CLIENTE AFETANDO OUTRAS UNIDADES CONSUMIDORAS,3.0,4.12,1.2,102.0,95.97
NAO PROGRAMADA,Não houve expurgo,INTERNA,FALHA DE COORDENACAO DE SELETIVIDADE,3.0,3.8,1.15,3846.0,5143.9
NAO PROGRAMADA,Não houve expurgo,DISTRIBUICAO,PROBLEMAS DE TENSAO,3.0,17.42,5.43,89.0,662.65
NAO PROGRAMADA,Falha nas instalações da unidade consumidora sem afetar terceiros,INTERNA,PARA MELHORIA,3.0,5.05,1.68,203.0,399.25
PROGRAMADA,Não houve expurgo,EXTERNA,SUPRIMENTO COPEL,3.0,8.35,2.78,1238.0,5283.1
NAO PROGRAMADA,Falha nas instalações da unidade consumidora sem afetar terceiros,EXTERNA,PROGRAMADA,3.0,1.33,0.44,3.0,1.33
NAO PROGRAMADA,Não houve expurgo,VENTO,NAO INFORMADO,3.0,2.3,0.77,6.0,7.05
PROGRAMADA,Origem externa ao sistema de distribuição,DESLIGAMENTO GERAL PROGRAMADO,DESLIGAMENTO PROGRAMADO,2.0,3.5,1.75,327.0,556.0
NAO PROGRAMADA,Origem externa ao sistema de distribuição,EXTERNO,ABALROAMENTO,2.0,36.87,18.43,2.0,36.87
PROGRAMADA,Não houve expurgo,INTERNA,ALTERACAO,2.0,0.0,0.0,412.0,0.0
NAO PROGRAMADA,Não houve expurgo,DISTRIBUICAO,PADRAO DE ENTRADA,2.0,12.97,6.48,2.0,12.97
NAO PROGRAMADA,Origem externa ao sistema de distribuição,EXTERNA,EXT.P. 1 PREVENTIVA,2.0,0.03,0.02,971.0,16.22
NAO PROGRAMADA,Não houve expurgo,DISTRIBUICAO,CAPACITOR,2.0,3.73,1.87,187.0,249.73
NAO PROGRAMADA,Não houve expurgo,EXTERNA,EXTERNA PROGRAMADA,2.0,0.03,0.02,5595.0,93.44
NAO PROGRAMADA,Origem externa ao sistema de distribuição,EXTERNA,EXT.N PROG. 5 QUEIMA OU INCENDIO,2.0,1.35,0.68,6.0,5.23
PROGRAMADA,Obra de interesse exclusivo do consumidor,INTERNA,VANDALISMO,2.0,3.0,1.5,2.0,3.0
NAO PROGRAMADA,Não houve expurgo,INTERNA,INT. N. P. 8 PIPA,2.0,4.2,2.1,134.0,382.6
NAO PROGRAMADA,Esquema de alívio de carga solicitado pelo ONS,INTER. NAO PROG. ACIDENTAIS,MEIO AMBIENTE ANIMAL,2.0,1.6,0.8,168.0,134.4
NAO PROGRAMADA,Falha nas instalações da unidade consumidora sem afetar terceiros,INTERNA,EMPRESAS DE SERVICO PUBLICO OU SEUAS CONTRATADAS,2.0,3.38,1.69,17.0,28.38
PROGRAMADA,Não houve expurgo,INTERNA,SUBTENSAO,2.0,0.4,0.2,224.0,43.4
NAO PROGRAMADA,Origem externa ao sistema de distribuição,EXTERNA,EXT.N PROG. ALIVIO DE CARGA,2.0,0.4,0.2,971.0,208.32
NAO PROGRAMADA,Não houve expurgo,INTERNA,CAPACITOR OUTROS,2.0,1.42,0.71,3794.0,366.14
NAO PROGRAMADA,Não houve expurgo,INTERNA,TRAFO FURTADO,2.0,14.07,7.03,2.0,14.07
NAO PROGRAMADA,Ocorrência em dia crítico,INTERNA,ATUACAO DE SISTEMA ESPECIAL DE PROTECAO (SEP) (INTERNA),2.0,3.05,1.53,11.0,16.4
NAO PROGRAMADA,Situação de emergência,INTERNA,EMPRESAS DE SERVICOS PUBLICO OU  SUAS CONTRATADAS,2.0,193.63,96.82,1.0,192.45
NAO PROGRAMADA,Não houve expurgo,INTERNA,ALTERACAO,2.0,14.77,7.38,64.0,469.93
NAO PROGRAMADA,Não houve expurgo,EXTERNA,VENTO,2.0,1.45,0.73,90.0,55.2
NAO PROGRAMADA,Não houve expurgo,INTERNA,ATUACAO INVERTIDA,2.0,0.33,0.17,9929.0,1655.16
NAO PROGRAMADA,Situação de emergência,INTERNA,INT. N. P. 4 FALHA DE MATERIAL OU EQUIPAMENTO,2.0,9.5,4.75,94.0,391.9
NAO PROGRAMADA,Origem externa ao sistema de distribuição,EXTERNA,EXT.N PROG. 1 ANIMAIS,2.0,1.2,0.6,3.0,1.28
PROGRAMADA,Situação de emergência,INTERNA,NAO IDENTIFICADA,2.0,35.65,17.83,2.0,35.65
NAO PROGRAMADA,Origem externa ao sistema de distribuição,EXTERNA,EXT.N PROG. NAO CLASSIFICADA,2.0,0.1,0.05,860.0,43.0
PROGRAMADA,Obra de interesse exclusivo do consumidor,INTERNA,EMPRESAS DE SERVICOS PUBLICOS OU SUAS CONTRATADAS,2.0,4.23,2.12,2.0,4.23
NAO PROGRAMADA,Ocorrência em dia crítico,EXTERNO,PARA AMPLIACAO,2.0,0.2,0.1,280.0,20.07
NAO PROGRAMADA,Origem externa ao sistema de distribuição,OUTROS,TERCEIROS,2.0,1.42,0.71,3.0,2.75
NAO PROGRAMADA,Ocorrência em dia crítico,EXTERNA,EXTERNA,2.0,23.82,11.91,16668.0,14733.79
PROGRAMADA,Origem externa ao sistema de distribuição,EXTERNA,DESLIGAMENTO PROGRAMADO,2.0,1.23,0.62,1443.0,1438.4
NAO PROGRAMADA,Não houve expurgo,INTERNA,EMPRESAS DE SERVICOS PUBLICOS E SUAS CONTRATADAS,2.0,1.78,0.89,13.0,6.73
NAO PROGRAMADA,Ocorrência em dia crítico,INTERNA,EMPRESAS DE SERVICO PUBLICO OU SEUAS CONTRATADAS,2.0,5.1,2.55,203.0,499.55
NAO PROGRAMADA,Não houve expurgo,INTERNA,TENSAO BAIXA,2.0,12.38,6.19,2.0,12.38
NAO PROGRAMADA,Origem externa ao sistema de distribuição,INTERNA,INTERNA,2.0,0.55,0.28,2.0,0.55
PROGRAMADA,Ocorrência em dia crítico,INTERNA,INTERFERENCIA DE TERCEIROS,2.0,8.62,4.31,2.0,8.62
NAO PROGRAMADA,Ocorrência em dia crítico,INTERNA,INT. N. P. ALIVIO DE CARGA,2.0,0.15,0.08,655.0,49.27
NAO PROGRAMADA,Falha nas instalações da unidade consumidora sem afetar terceiros,INTERNA,INT. N. P. 9 DEFEITO CLIENTE,2.0,2.12,1.06,2.0,2.12
PROGRAMADA,Obra de interesse exclusivo do consumidor,INTERNA,ROUBO,2.0,3.52,1.76,2.0,3.52
NAO PROGRAMADA,Não houve expurgo,INTERNA,MATERIAL MAL INSTALADO,2.0,5.65,2.83,33.0,123.97
PROGRAMADA,Ocorrência em dia crítico,INTERNA,POLUICAO,2.0,59.17,29.58,1.0,29.58
NAO PROGRAMADA,Não houve expurgo,INTERNO,ERRO DE OPERACAO,2.0,20.15,10.07,115.0,1345.35
PROGRAMADA,Origem externa ao sistema de distribuição,EXTERNA,EXT.P. 2 PARA AMPLIACAO,2.0,7.52,3.76,107.0,298.02
PROGRAMADA,Não houve expurgo,INTERNA,INT. N. P. 2 ABALROAMENTO,2.0,1.25,0.63,910.0,609.0
NAO PROGRAMADA,Origem externa ao sistema de distribuição,EXTERNA,EXT.N PROG. 2 DESLIGAMENTO POR SEGURANCA,2.0,0.37,0.18,4.0,0.6
NAO PROGRAMADA,Esquema de alívio de carga solicitado pelo ONS,INTERNA,PROPRIAS DO SISTEMA,2.0,1.87,0.93,489.0,13.67
NAO PROGRAMADA,Origem externa ao sistema de distribuição,EXTERNA,EXT.N PROG. 3 ARVORE OU VEGETACAO,2.0,10.93,5.47,2.0,10.93
NAO PROGRAMADA,Não houve expurgo,INTERNA,ACIDENTE (FALHA OPERACIONAL),2.0,2.0,1.0,377.0,264.5
NAO PROGRAMADA,Não houve expurgo,INTERNA,CAPACITOR COM VAZAMENTO,2.0,4.83,2.42,150.0,360.63
NAO PROGRAMADA,Não houve expurgo,NR CANCELADA,NAO INFORMADO,2.0,23.7,11.85,25.0,159.78
PROGRAMADA,Obra de interesse exclusivo do consumidor,INTERNA,ABALROAMENTO,2.0,3.1,1.55,2.0,3.1
NAO PROGRAMADA,Não houve expurgo,EXTERNA,ATUACAO DO SISTEMA ESPECIAL DE PROTECAO (SEP),2.0,0.13,0.07,3620.0,241.45
PROGRAMADA,Ocorrência em dia crítico,INTERNA,EMPRESAS DE SERVICOS PUBLICOS OU SUAS CONTRATADAS,2.0,5.4,2.7,142.0,383.4
NAO PROGRAMADA,Ocorrência em dia crítico,INTERNA,EMPRESAS DE SERVICOS PUBLICOS OUTRAS UNIDADES CONSUMIDORAS,1.0,4.47,4.47,49.0,218.87
NAO PROGRAMADA,Não houve expurgo,EXTERNA,CORROSAO,1.0,5.28,5.28,1.0,5.28
NAO PROGRAMADA,Não houve expurgo,INTERNA,RAIO SOLTO NA ESTRUTURA,1.0,1.77,1.77,65.0,114.84
NAO PROGRAMADA,Não houve expurgo,PROGRAMADA,DESLIGAMENTO DECORRENTE DE OBRAS DE INTERESSE EXCLUSIVO DO CONSUMIDOR,1.0,1.4,1.4,1.0,1.4
NAO PROGRAMADA,Programa de racionamento instituído pela União,INTERNA,DESLIGAMENTO PARA MANUTENCAO EMERGENCIAL,1.0,32.08,32.08,1.0,32.08
PROGRAMADA,Não houve expurgo,EXTERNA,LMTE,1.0,6.5,6.5,595.0,3867.5
PROGRAMADA,Não houve expurgo,INTERNA,DESLIG PARA MANUT EMERGENCIAL,1.0,1.55,1.55,101.0,156.55
NAO PROGRAMADA,Falha nas instalações da unidade consumidora sem afetar terceiros,EXTERNA,DESLIGAMENTO SOLICITADO PELO CONSUMIDOR,1.0,0.37,0.37,1.0,0.37
NAO PROGRAMADA,Esquema de alívio de carga solicitado pelo ONS,INTERNA,ANIMAIS,1.0,34.73,34.73,1.0,34.73
PROGRAMADA,Ocorrência em dia crítico,INTERNA,MANUTENCAO CORRETIVA,1.0,2.02,2.02,252.0,508.21
NAO PROGRAMADA,Esquema de alívio de carga solicitado pelo ONS,INTERNA,SOBRECARGA,1.0,9.7,9.7,1.0,9.7
NAO PROGRAMADA,Não houve expurgo,COMUNICACAO CANCELADA PELO CALL CENTER,NAO INFORMADO,1.0,1.2,1.2,1.0,1.2
NAO PROGRAMADA,Não houve expurgo,PRODUCAO,FALHA DE RELIGAMENTO,1.0,4.08,4.08,1695.0,6921.19
NAO PROGRAMADA,Origem externa ao sistema de distribuição,EXTERNA,SERVICO MAL EXECUTADO,1.0,2.2,2.2,1.0,2.2
NAO PROGRAMADA,Ocorrência em dia crítico,INTERNA,INT. N. P. 3 ACIDENTE,1.0,0.05,0.05,915.0,45.75
PROGRAMADA,Não houve expurgo,INTERNA,MELHORIA EQUIPAMENTOS,1.0,2.97,2.97,12.0,35.6
NAO PROGRAMADA,Falha nas instalações da unidade consumidora sem afetar terceiros,INTERNA,ACIDENTE (FALHA OPERACIONAL),1.0,0.73,0.73,13.0,9.53
NAO PROGRAMADA,Ocorrência em dia crítico,EXTERNA,PROGRAMADA,1.0,0.3,0.3,843.0,252.9
NAO PROGRAMADA,Não houve expurgo,EXTERNA,PRODUCAO DESCARGA ATMOSFERICA,1.0,1.35,1.35,2598.0,3507.3
NAO PROGRAMADA,Situação de emergência,INTERNO,SERVICO MAL EXECUTADO,1.0,4.18,4.18,218.0,911.96
NAO PROGRAMADA,Falha nas instalações da unidade consumidora sem afetar terceiros,INTERNA,CORRETIVA,1.0,0.67,0.67,1.0,0.67
NAO PROGRAMADA,Origem externa ao sistema de distribuição,INTERNA,ERRO DE OPERACAO,1.0,16.68,16.68,1.0,16.68
NAO PROGRAMADA,Programa de racionamento instituído pela União,INTERNA,CORRETIVA,1.0,3.67,3.67,42.0,154.0
NAO PROGRAMADA,Esquema de alívio de carga solicitado pelo ONS,INTER. NAO PROG. DISJUNTOR,REDE BATENDO,1.0,1.25,1.25,63.0,78.75
NAO PROGRAMADA,Não houve expurgo,INTERNA,MATERIAIS,1.0,2.4,2.4,16.0,38.4
NAO PROGRAMADA,Não houve expurgo,UC NORMAL,CALLBACK COI,1.0,13.97,13.97,1.0,13.97
PROGRAMADA,Não houve expurgo,DESLIGAMENTO GERAL PROGRAMADO,DESLIGAMENTO GERAL PROGRAMADO,1.0,4.0,4.0,29917.0,119668.0
NAO PROGRAMADA,Não houve expurgo,OUTROS,ALIVIO DE CARGA,1.0,5.18,5.18,2430.0,12595.42
NAO PROGRAMADA,Não houve expurgo,PRODUCAO,OUTROS,1.0,7.02,7.02,1368.0,9598.85
NAO PROGRAMADA,Não houve expurgo,INTERNA,MANUTECAO CORRETIVA,1.0,2.48,2.48,18.0,44.7
NAO PROGRAMADA,Obra de interesse exclusivo do consumidor,INTERNA,PROPRIAS DO SISTEMA,1.0,1.65,1.65,1.0,1.65
NAO PROGRAMADA,Não houve expurgo,INTERNO,DESLIGAMENTO PARA MANUTENCAO EMERGENCIAL,1.0,3.42,3.42,75.0,256.25
PROGRAMADA,Situação de emergência,INTERNA,ALTERACAO,1.0,10.85,10.85,79.0,857.15
PROGRAMADA,Obra de interesse exclusivo do consumidor,INTERNA,LIGACAO CLANDESTINA,1.0,1.47,1.47,1.0,1.47
NAO PROGRAMADA,Ocorrência em dia crítico,INTERNA,EMPRESAS DE S. PUBLICOS OU SUAS CONTRATA,1.0,1.65,1.65,7.0,11.55
NAO PROGRAMADA,Não houve expurgo,DESCARGA ATMOSFERICA,NAO INFORMADO,1.0,0.65,0.65,2.0,1.3
PROGRAMADA,Ocorrência em dia crítico,INTERNA,AMPLIACAO,1.0,5.38,5.38,172.0,925.93
NAO PROGRAMADA,Ocorrência em dia crítico,INTERNA,DEFEITO CLIENTE AFETANDO OUTRAS UNIDADES CONSUMIDORAS,1.0,1.9,1.9,1.0,1.9
NAO PROGRAMADA,Obra de interesse exclusivo do consumidor,INTERNA,DEFEITO INTERNO NAO AFETANDO OUTRAS UNIDADES CONSUMIDORAS,1.0,24.33,24.33,1.0,24.33
NAO PROGRAMADA,Esquema de alívio de carga solicitado pelo ONS,INTERNA,ALIVIO DE CARGA RACIONAMENTO PELA UNIAO,1.0,1.97,1.97,2.0,3.93
PROGRAMADA,Origem externa ao sistema de distribuição,EXTERNA,NAO PROGRAMADA,1.0,3.02,3.02,1.0,3.02
PROGRAMADA,Programa de racionamento instituído pela União,INTERNA,PARA MELHORIA,1.0,3.25,3.25,91.0,295.75
PROGRAMADA,Falha nas instalações da unidade consumidora sem afetar terceiros,EXTERNA,PROGRAMADA,1.0,0.02,0.02,1.0,0.02
NAO PROGRAMADA,Origem externa ao sistema de distribuição,EXTERNA,ERRO DE OPERACAO,1.0,0.05,0.05,2180.0,109.0
NAO PROGRAMADA,Esquema de alívio de carga solicitado pelo ONS,INTER. NAO PROG. EM FUSIVEL DE RAMAL,CONECTORES,1.0,0.85,0.85,1.0,0.85
NAO PROGRAMADA,Origem externa ao sistema de distribuição,EXTERNA,INTERRUPCAO NAO PROGRAMADA E NAO CLASSIFICADA,1.0,2.43,2.43,1.0,2.43
PROGRAMADA,Não houve expurgo,INTERNA,INT. N. P. 4 FALHA DE MATERIAL OU EQUIPAMENTO,1.0,2.85,2.85,644.0,1835.4
NAO PROGRAMADA,Ocorrência em dia crítico,INTERNA,TERCEIRO,1.0,63.33,63.33,1.0,63.33
NAO PROGRAMADA,Origem externa ao sistema de distribuição,EXTERNA,OBJETO NA REDE,1.0,3.35,3.35,1.0,3.35
NAO PROGRAMADA,Não houve expurgo,PRODUCAO,RAIO,1.0,0.57,0.57,1659.0,940.16
NAO PROGRAMADA,Situação de emergência,INTERNA,INT. N. P. 3 DESLIGAMENTO PARA MANUTENCAO EMERGENCIAL,1.0,0.2,0.2,3.0,0.6
PROGRAMADA,Ocorrência em dia crítico,INTERNA,INT. P. 1 PARA MELHORIA,1.0,1.25,1.25,5.0,6.25
NAO PROGRAMADA,Não houve expurgo,INTERNA,EVENTO TRANSITORIO,1.0,0.0,0.0,758.0,0.0
PROGRAMADA,Origem externa ao sistema de distribuição,EXTERNA,INTERRUPCAO EFETUADA PELA TRANSMISSORA (MANUTENCAO),1.0,0.5,0.5,1180.0,590.0
PROGRAMADA,Situação de emergência,INTERNO,MELHORIA,1.0,4.37,4.37,98.0,427.94
PROGRAMADA,Ocorrência em dia crítico,INTERNA,INUNDACAO,1.0,0.02,0.02,706.0,11.79
NAO PROGRAMADA,Não houve expurgo,INTERNA,ERRO OPERACIONAL,1.0,0.78,0.78,1.0,0.78
NAO PROGRAMADA,Não houve expurgo,INTERNA,EMPRESAS DE SERVICOS PUBLICOS OU SUAS CONTTRATADAS,1.0,1.3,1.3,2.0,2.6
NAO PROGRAMADA,Origem externa ao sistema de distribuição,EXTERNA,EXT.N PROG. 4 VANDALISMO,1.0,1.02,1.02,1.0,1.02
NAO PROGRAMADA,Não houve expurgo,INTERNO,PREVENTIVA,1.0,63.03,63.03,3.0,189.1
NAO PROGRAMADA,Esquema de alívio de carga solicitado pelo ONS,INTER. NAO PROG. DISJUNTOR,FERRAGENS,1.0,0.17,0.17,16.0,2.67
NAO PROGRAMADA,Ocorrência em dia crítico,INTERNA,ALTERACAO PARA MELHORIA,1.0,0.08,0.08,67.0,5.58
NAO PROGRAMADA,Situação de emergência,INTERNO,CORRETIVA,1.0,1.62,1.62,1.0,1.62
NAO PROGRAMADA,Não houve expurgo,INTERNA,TENSAO ALTA,1.0,4.37,4.37,1.0,4.37
PROGRAMADA,Origem externa ao sistema de distribuição,INTERNA,CORRETIVA,1.0,2.0,2.0,1215.0,2430.0
NAO PROGRAMADA,Programa de racionamento instituído pela União,INTERNA,PARA MELHORIA,1.0,2.55,2.55,20.0,51.0
NAO PROGRAMADA,Não houve expurgo,INTERNA,DEFEITO CLIENTE AFETANDO OUTRAS UNIDADES CONSUMIDORAS,1.0,1.25,1.25,1.0,1.25
NAO PROGRAMADA,Origem externa ao sistema de distribuição,EXTERNA,EXT.N PROG. 5 SOBRECARGA,1.0,0.08,0.08,1.0,0.08
NAO PROGRAMADA,Programa de racionamento instituído pela União,INTERNA,PARA AMPLIACAO,1.0,4.5,4.5,25.0,112.5
NAO PROGRAMADA,Não houve expurgo,INTERNA,NA REDE SEM CURTO CIRCUITO,1.0,7.72,7.72,46.0,354.97
PROGRAMADA,Ocorrência em dia crítico,INTERNO,MELHORIA,1.0,100.05,100.05,5.0,500.25
NAO PROGRAMADA,Falha nas instalações da unidade consumidora sem afetar terceiros,INTERNA,SERVICO MAL EXECUTADO,1.0,0.02,0.02,1.0,0.02
NAO PROGRAMADA,Origem externa ao sistema de distribuição,INTERNA,OBJETO NA REDE,1.0,1.47,1.47,1.0,1.47
NAO PROGRAMADA,Esquema de alívio de carga solicitado pelo ONS,INTERNA,CORROSAO,1.0,2.57,2.57,9.0,23.1
NAO PROGRAMADA,Esquema de alívio de carga solicitado pelo ONS,INTERNA,ALIVIO DE CARGA RACIONAMENTO ALIVIO DE CARGA PELA ONS,1.0,0.02,0.02,88.0,1.47
NAO PROGRAMADA,Não houve expurgo,INTERNA,VENTANIA,1.0,35.9,35.9,1.0,35.9
NAO PROGRAMADA,Origem externa ao sistema de distribuição,INTERNA,ABALROAMENTO,1.0,10.27,10.27,1.0,10.27
PROGRAMADA,Situação de emergência,INTERNA,PROPRIAS DO SISTEMA,1.0,8.68,8.68,10.0,86.83
NAO PROGRAMADA,Origem externa ao sistema de distribuição,EXTERNA,DEFEITO CLIENTE AFETANDO OUTROS,1.0,0.27,0.27,1322.0,352.58
NAO PROGRAMADA,Não houve expurgo,PRODUCAO,FALHA DE TRANSFORMADOR,1.0,0.55,0.55,2645.0,1454.75
NAO PROGRAMADA,Não houve expurgo,PRODUCAO,FALHA DE ISOLADOR,1.0,1.28,1.28,10960.0,14064.97
NAO PROGRAMADA,Origem externa ao sistema de distribuição,EXTERNA,EXT.N PROG. 3 ACIDENTE,1.0,0.08,0.08,2.0,0.17
NAO PROGRAMADA,Origem externa ao sistema de distribuição,INTERNA,QUEIMA OU INCENDIO,1.0,2.03,2.03,2126.0,4322.8
NAO PROGRAMADA,Situação de emergência,INTERNA,TERCEIRO,1.0,73.05,73.05,1.0,73.05
NAO PROGRAMADA,Não houve expurgo,INTERNA,INTERNA,1.0,0.3,0.3,3.0,0.9
NAO PROGRAMADA,Esquema de alívio de carga solicitado pelo ONS,INTER. NAO PROG. EM FUSIVEL DE RAMAL,OUTROS,1.0,1.7,1.7,66.0,112.2
PROGRAMADA,Ocorrência em dia crítico,INTERNA,SERVICO SOLICITADO TERCEIROS,1.0,5.0,5.0,27.0,135.0
